date,close
"22,04,2005",16.85
"25,04,2005",17.45
"26,04,2005",17.15
"27,04,2005",16.35
"28,04,2005",15.95
"29,04,2005",16.4
"03,05,2005",16.1
"04,05,2005",16.1
"05,05,2005",16.5
"06,05,2005",16.5
"09,05,2005",16.85
"10,05,2005",16.95
"11,05,2005",16.75
"12,05,2005",16.35
"13,05,2005",16.65
"16,05,2005",16.75
"17,05,2005",17.05
"18,05,2005",17.3
"19,05,2005",17.8
"20,05,2005",18.55
"23,05,2005",18.3
"24,05,2005",18.95
"25,05,2005",19.75
"26,05,2005",19.6
"27,05,2005",19.45
"31,05,2005",19.65
"01,06,2005",19.45
"02,06,2005",19.2
"03,06,2005",18.85
"06,06,2005",19.05
"07,06,2005",19.4
"08,06,2005",19.55
"09,06,2005",19.5
"10,06,2005",19.5
"13,06,2005",19.6
"14,06,2005",19.65
"15,06,2005",19.85
"16,06,2005",20.35
"17,06,2005",21.2
"20,06,2005",22.7
"21,06,2005",22.7
"22,06,2005",22.8
"23,06,2005",23.05
"24,06,2005",23.6
"27,06,2005",23.55
"28,06,2005",24.2
"29,06,2005",25
"30,06,2005",25.3
"01,07,2005",26.5
"04,07,2005",28.85
"05,07,2005",28.25
"06,07,2005",28.7
"07,07,2005",28.8
"08,07,2005",29.1
"11,07,2005",29.1
"12,07,2005",28.95
"13,07,2005",27.35
"14,07,2005",23.45
"15,07,2005",24.2
"18,07,2005",24.1
"19,07,2005",23.95
"20,07,2005",20.65
"21,07,2005",19.9
"22,07,2005",19.6
"25,07,2005",19.95
"26,07,2005",20.4
"27,07,2005",21.65
"28,07,2005",21.65
"29,07,2005",21.9
"01,08,2005",21
"02,08,2005",20.25
"03,08,2005",20.2
"04,08,2005",20.05
"05,08,2005",20.8
"08,08,2005",21.45
"09,08,2005",22.05
"10,08,2005",22
"11,08,2005",22.25
"12,08,2005",22.4
"15,08,2005",22
"16,08,2005",22
"17,08,2005",22.45
"18,08,2005",22.35
"19,08,2005",22.45
"22,08,2005",22.65
"23,08,2005",22.65
"24,08,2005",22.8
"25,08,2005",23.1
"26,08,2005",23.2
"30,08,2005",23.35
"31,08,2005",23.65
"01,09,2005",24.15
"02,09,2005",24.45
"05,09,2005",24.4
"06,09,2005",24.35
"07,09,2005",24.4
"08,09,2005",24.1
"09,09,2005",23.5
"12,09,2005",22.1
"13,09,2005",21.6
"14,09,2005",22.25
"15,09,2005",22.55
"16,09,2005",21.95
"19,09,2005",22.35
"20,09,2005",21.95
"21,09,2005",21.9
"22,09,2005",22.15
"23,09,2005",21.9
"26,09,2005",21.45
"27,09,2005",22
"28,09,2005",22.7
"29,09,2005",22.8
"30,09,2005",22.65
"03,10,2005",22.7
"04,10,2005",23.25
"05,10,2005",23.9
"06,10,2005",23.7
"07,10,2005",23.1
"10,10,2005",23.15
"11,10,2005",23.15
"12,10,2005",23.5
"13,10,2005",23.5
"14,10,2005",23
"17,10,2005",23.1
"18,10,2005",22.8
"19,10,2005",22.4
"20,10,2005",22.1
"21,10,2005",21.8
"24,10,2005",21.4
"25,10,2005",21.45
"26,10,2005",21.7
"27,10,2005",21.85
"28,10,2005",22.05
"31,10,2005",21.95
"01,11,2005",21.75
"02,11,2005",21.35
"03,11,2005",21.25
"04,11,2005",21.35
"07,11,2005",21.6
"08,11,2005",22.05
"09,11,2005",22.5
"10,11,2005",22.7
"11,11,2005",22.7
"14,11,2005",23.15
"15,11,2005",22.85
"16,11,2005",22.7
"17,11,2005",22.45
"18,11,2005",21.55
"21,11,2005",21.4
"22,11,2005",22.05
"23,11,2005",21.45
"24,11,2005",19.75
"25,11,2005",20.1
"28,11,2005",20.15
"29,11,2005",19.5
"30,11,2005",19.6
"01,12,2005",20
"02,12,2005",21.15
"05,12,2005",21.7
"06,12,2005",22.15
"07,12,2005",21.7
"08,12,2005",21.05
"09,12,2005",20.8
"12,12,2005",21.3
"13,12,2005",21.65
"14,12,2005",21.35
"15,12,2005",21.4
"16,12,2005",21.2
"19,12,2005",21.05
"20,12,2005",21.05
"21,12,2005",21.05
"22,12,2005",20.85
"23,12,2005",20.55
"27,12,2005",20.85
"28,12,2005",21.1
"29,12,2005",21.1
"30,12,2005",21.1
"03,01,2006",21.75
"04,01,2006",22.15
"05,01,2006",22.6
"06,01,2006",23.15
"09,01,2006",22.9
"10,01,2006",22.8
"11,01,2006",22.75
"12,01,2006",23.05
"13,01,2006",23
"16,01,2006",22.9
"17,01,2006",23.95
"18,01,2006",25.1
"19,01,2006",25
"20,01,2006",26.5
"23,01,2006",25.75
"24,01,2006",25
"25,01,2006",25.35
"26,01,2006",26.15
"27,01,2006",25.6
"30,01,2006",26
"31,01,2006",26.05
"01,02,2006",26.45
"02,02,2006",27.05
"03,02,2006",27.3
"06,02,2006",27
"07,02,2006",25.95
"08,02,2006",25.55
"09,02,2006",25.65
"10,02,2006",25.9
"13,02,2006",25.55
"14,02,2006",25.7
"15,02,2006",26
"16,02,2006",26.35
"17,02,2006",26.1
"20,02,2006",26.6
"21,02,2006",26.8
"22,02,2006",26.9
"23,02,2006",26.2
"24,02,2006",26.2
"27,02,2006",25.7
"28,02,2006",25.95
"01,03,2006",26.35
"02,03,2006",26.65
"03,03,2006",26.55
"06,03,2006",26.5
"07,03,2006",26.05
"08,03,2006",26.15
"09,03,2006",26.1
"10,03,2006",26.3
"13,03,2006",26.8
"14,03,2006",26.55
"15,03,2006",26.3
"16,03,2006",26
"17,03,2006",26.25
"20,03,2006",26.4
"21,03,2006",26.35
"22,03,2006",26.45
"23,03,2006",26.45
"24,03,2006",26.25
"27,03,2006",26.15
"28,03,2006",26.5
"29,03,2006",26.7
"30,03,2006",26.8
"31,03,2006",26.95
"03,04,2006",27
"04,04,2006",27.35
"05,04,2006",27.9
"06,04,2006",28.65
"07,04,2006",27.5
"10,04,2006",28.55
"11,04,2006",28.85
"12,04,2006",28.85
"13,04,2006",28.7
"17,04,2006",28.85
"18,04,2006",29.8
"19,04,2006",29.75
"20,04,2006",29.3
"21,04,2006",29.25
"24,04,2006",29.35
"25,04,2006",26.6
"26,04,2006",19.75
"27,04,2006",16.2
"28,04,2006",13.3
"01,05,2006",13
"02,05,2006",10.95
"03,05,2006",11.8
"04,05,2006",13.8
"05,05,2006",12.3
"08,05,2006",11.85
"09,05,2006",11.9
"10,05,2006",12.85
"11,05,2006",12.6
"12,05,2006",9.05
"15,05,2006",14.95
"16,05,2006",16.2
"17,05,2006",15.3
"18,05,2006",15.3
"19,05,2006",15.8
"22,05,2006",17.8
"23,05,2006",19.1
"24,05,2006",18.6
"25,05,2006",18.4
"26,05,2006",18.1
"30,05,2006",17.35
"31,05,2006",17.05
"01,06,2006",15.85
"02,06,2006",15.85
"05,06,2006",15.6
"06,06,2006",15.4
"07,06,2006",14.65
"08,06,2006",13.7
"09,06,2006",13.7
"12,06,2006",14.7
"13,06,2006",14.6
"14,06,2006",14.55
"15,06,2006",14.5
"16,06,2006",14.65
"19,06,2006",15
"20,06,2006",15.6
"21,06,2006",15.15
"22,06,2006",15.3
"23,06,2006",15.15
"26,06,2006",14.65
"27,06,2006",14.8
"28,06,2006",15.3
"29,06,2006",15.7
"30,06,2006",15.65
"03,07,2006",16
"04,07,2006",16
"05,07,2006",15.8
"06,07,2006",16.15
"07,07,2006",16
"10,07,2006",16.2
"11,07,2006",16.35
"12,07,2006",16.25
"13,07,2006",16.4
"14,07,2006",16.8
"17,07,2006",17.25
"18,07,2006",17.1
"19,07,2006",16.5
"20,07,2006",16.8
"21,07,2006",16.6
"24,07,2006",16.5
"25,07,2006",16.4
"26,07,2006",16.4
"27,07,2006",16.55
"28,07,2006",16.15
"31,07,2006",16.05
"01,08,2006",16.2
"02,08,2006",16.2
"03,08,2006",15.9
"04,08,2006",15.15
"07,08,2006",15.7
"08,08,2006",15.65
"09,08,2006",15.6
"10,08,2006",15.45
"11,08,2006",15.65
"14,08,2006",15.35
"15,08,2006",15.4
"16,08,2006",15.6
"17,08,2006",15.7
"18,08,2006",15.8
"21,08,2006",16.45
"22,08,2006",16.8
"23,08,2006",16.6
"24,08,2006",16.2
"25,08,2006",16.2
"28,08,2006",16.1
"29,08,2006",15.85
"30,08,2006",15.6
"31,08,2006",15.8
"01,09,2006",15.85
"04,09,2006",16.25
"05,09,2006",16.35
"06,09,2006",16.55
"07,09,2006",16.35
"08,09,2006",16.3
"11,09,2006",16.15
"12,09,2006",16.25
"13,09,2006",16.15
"14,09,2006",16.2
"15,09,2006",16.1
"18,09,2006",16.1
"19,09,2006",15.6
"20,09,2006",14.1
"21,09,2006",13.4
"22,09,2006",13.2
"25,09,2006",12.7
"26,09,2006",12
"27,09,2006",12.1
"28,09,2006",12.6
"29,09,2006",12.95
"02,10,2006",12.15
"03,10,2006",12
"04,10,2006",12
"05,10,2006",12.15
"06,10,2006",12.1
"09,10,2006",12.4
"10,10,2006",12.5
"11,10,2006",12.5
"12,10,2006",12.45
"13,10,2006",12.55
"16,10,2006",12.55
"17,10,2006",12.75
"18,10,2006",12.9
"19,10,2006",12.85
"20,10,2006",12.85
"23,10,2006",12.55
"24,10,2006",12.55
"25,10,2006",12.05
"26,10,2006",12.1
"27,10,2006",11.85
"30,10,2006",10.8
"31,10,2006",11.05
"01,11,2006",11
"02,11,2006",10.75
"03,11,2006",10.6
"06,11,2006",10.4
"07,11,2006",9.45
"08,11,2006",9.5
"09,11,2006",9.5
"10,11,2006",8.7
"13,11,2006",8.45
"14,11,2006",9.1
"15,11,2006",9
"16,11,2006",8.65
"17,11,2006",8.4
"20,11,2006",8.6
"21,11,2006",8.75
"22,11,2006",8.6
"23,11,2006",8.7
"24,11,2006",9
"27,11,2006",8.95
"28,11,2006",8.6
"29,11,2006",8.15
"30,11,2006",8.1
"01,12,2006",7.4
"04,12,2006",7.1
"05,12,2006",6.75
"06,12,2006",7.05
"07,12,2006",7.5
"08,12,2006",7.2
"11,12,2006",7.05
"12,12,2006",6.7
"13,12,2006",6.4
"14,12,2006",6.4
"15,12,2006",6.55
"18,12,2006",6.6
"19,12,2006",6.6
"20,12,2006",6.55
"21,12,2006",6.75
"22,12,2006",6.8
"26,12,2006",6.8
"27,12,2006",6.55
"28,12,2006",6.55
"29,12,2006",6.45
"02,01,2007",5.3
"03,01,2007",4.8
"04,01,2007",4.75
"05,01,2007",4.75
"08,01,2007",3.85
"09,01,2007",3.4
"10,01,2007",3.7
"11,01,2007",3.9
"12,01,2007",3.95
"15,01,2007",3.95
"16,01,2007",4.05
"17,01,2007",4
"18,01,2007",3.95
"19,01,2007",3.95
"22,01,2007",3.8
"23,01,2007",3.7
"24,01,2007",3.35
"25,01,2007",3.25
"26,01,2007",2.95
"29,01,2007",2.45
"30,01,2007",2.4
"31,01,2007",2.3
"01,02,2007",2.2
"02,02,2007",1.95
"05,02,2007",1.75
"06,02,2007",1.45
"07,02,2007",1.3
"08,02,2007",1.45
"09,02,2007",1.55
"12,02,2007",1.25
"13,02,2007",1.2
"14,02,2007",1.15
"15,02,2007",1.1
"16,02,2007",1.1
"19,02,2007",0.75
"20,02,2007",0.85
"21,02,2007",0.9
"22,02,2007",0.85
"23,02,2007",0.9
"26,02,2007",0.95
"27,02,2007",0.95
"28,02,2007",0.9
"01,03,2007",0.95
"02,03,2007",1.05
"05,03,2007",0.95
"06,03,2007",1
"07,03,2007",1.1
"08,03,2007",1.1
"09,03,2007",1.3
"12,03,2007",1.3
"13,03,2007",1.2
"14,03,2007",1.2
"15,03,2007",1.2
"16,03,2007",1.15
"19,03,2007",1
"20,03,2007",1
"21,03,2007",1
"22,03,2007",0.95
"23,03,2007",1
"26,03,2007",1
"27,03,2007",1
"28,03,2007",1.15
"29,03,2007",1.3
"30,03,2007",1.26
"02,04,2007",0.98
"03,04,2007",0.85
"04,04,2007",0.81
"05,04,2007",0.8
"09,04,2007",0.8
"10,04,2007",0.78
"11,04,2007",0.74
"12,04,2007",0.75
"13,04,2007",0.72
"16,04,2007",0.71
"17,04,2007",0.67
"18,04,2007",0.53
"19,04,2007",0.48
"20,04,2007",0.6
"23,04,2007",0.65
"24,04,2007",0.65
"25,04,2007",0.62
"26,04,2007",0.52
"27,04,2007",0.51
"30,04,2007",0.51
"01,05,2007",0.56
"02,05,2007",0.54
"03,05,2007",0.52
"04,05,2007",0.52
"07,05,2007",0.53
"08,05,2007",0.45
"09,05,2007",0.39
"10,05,2007",0.29
"11,05,2007",0.31
"14,05,2007",0.32
"15,05,2007",0.27
"16,05,2007",0.31
"17,05,2007",0.28
"18,05,2007",0.26
"21,05,2007",0.28
"22,05,2007",0.28
"23,05,2007",0.28
"24,05,2007",0.28
"25,05,2007",0.28
"28,05,2007",0.29
"29,05,2007",0.26
"30,05,2007",0.26
"31,05,2007",0.28
"01,06,2007",0.28
"04,06,2007",0.28
"05,06,2007",0.27
"06,06,2007",0.28
"07,06,2007",0.26
"08,06,2007",0.26
"11,06,2007",0.24
"12,06,2007",0.23
"13,06,2007",0.21
"14,06,2007",0.18
"15,06,2007",0.16
"18,06,2007",0.13
"19,06,2007",0.13
"20,06,2007",0.12
"21,06,2007",0.11
"22,06,2007",0.11
"25,06,2007",0.1
"26,06,2007",0.12
"27,06,2007",0.12
"28,06,2007",0.13
"29,06,2007",0.12
"02,07,2007",0.13
"03,07,2007",0.12
"04,07,2007",0.12
"05,07,2007",0.13
"06,07,2007",0.13
"09,07,2007",0.14
"10,07,2007",0.14
"11,07,2007",0.14
"12,07,2007",0.13
"13,07,2007",0.13
"16,07,2007",0.13
"17,07,2007",0.14
"18,07,2007",0.13
"19,07,2007",0.12
"20,07,2007",0.13
"23,07,2007",0.12
"24,07,2007",0.12
"25,07,2007",0.12
"26,07,2007",0.12
"27,07,2007",0.12
"30,07,2007",0.11
"31,07,2007",0.12
"01,08,2007",0.11
"02,08,2007",0.09
"03,08,2007",0.09
"06,08,2007",0.09
"07,08,2007",0.09
"08,08,2007",0.1
"09,08,2007",0.1
"10,08,2007",0.1
"13,08,2007",0.1
"14,08,2007",0.11
"15,08,2007",0.11
"16,08,2007",0.11
"17,08,2007",0.11
"20,08,2007",0.11
"21,08,2007",0.11
"22,08,2007",0.11
"23,08,2007",0.11
"24,08,2007",0.11
"27,08,2007",0.11
"28,08,2007",0.11
"29,08,2007",0.1
"30,08,2007",0.11
"31,08,2007",0.1
"03,09,2007",0.1
"04,09,2007",0.1
"05,09,2007",0.1
"06,09,2007",0.1
"07,09,2007",0.1
"10,09,2007",0.09
"11,09,2007",0.08
"12,09,2007",0.09
"13,09,2007",0.07
"14,09,2007",0.07
"17,09,2007",0.07
"18,09,2007",0.06
"19,09,2007",0.08
"20,09,2007",0.08
"21,09,2007",0.08
"24,09,2007",0.08
"25,09,2007",0.08
"26,09,2007",0.08
"27,09,2007",0.08
"28,09,2007",0.08
"01,10,2007",0.07
"02,10,2007",0.08
"03,10,2007",0.07
"04,10,2007",0.07
"05,10,2007",0.11
"08,10,2007",0.07
"09,10,2007",0.07
"10,10,2007",0.07
"11,10,2007",0.07
"12,10,2007",0.07
"15,10,2007",0.07
"16,10,2007",0.07
"17,10,2007",0.07
"18,10,2007",0.07
"19,10,2007",0.07
"22,10,2007",0.07
"23,10,2007",0.07
"24,10,2007",0.07
"25,10,2007",0.07
"26,10,2007",0.07
"29,10,2007",0.07
"30,10,2007",0.07
"31,10,2007",0.09
"01,11,2007",0.08
"02,11,2007",0.08
"05,11,2007",0.07
"06,11,2007",0.07
"07,11,2007",0.1
"08,11,2007",0.11
"09,11,2007",0.1
"12,11,2007",0.1
"13,11,2007",0.1
"14,11,2007",0.09
"15,11,2007",0.09
"16,11,2007",0.08
"19,11,2007",0.08
"20,11,2007",0.07
"21,11,2007",0.07
"22,11,2007",0.08
"23,11,2007",0.08
"26,11,2007",0.07
"27,11,2007",0.07
"28,11,2007",0.06
"29,11,2007",0.04
"30,11,2007",0.01
"03,12,2007",0.03
"04,12,2007",0.03
"05,12,2007",0.03
"06,12,2007",0.03
"07,12,2007",0.03
"10,12,2007",0.03
"11,12,2007",0.03
"12,12,2007",0.03
"13,12,2007",0.03
"14,12,2007",0.03
"17,12,2007",0.01
"18,12,2007",0.02
"19,12,2007",0.02
"20,12,2007",0.03
"21,12,2007",0.03
"24,12,2007",0.03
"26,12,2007",0.03
"27,12,2007",0.03
"28,12,2007",0.02
"31,12,2007",0.02
"02,01,2008",0.02
"03,01,2008",0.03
"04,01,2008",0.02
"07,01,2008",0.02
"08,01,2008",0.02
"09,01,2008",0.02
"10,01,2008",0.02
"11,01,2008",0.02
"14,01,2008",0.02
"15,01,2008",0.02
"16,01,2008",0.02
"17,01,2008",0.02
"18,01,2008",0.02
"21,01,2008",0.02
"22,01,2008",0.02
"23,01,2008",0.02
"24,01,2008",0.02
"25,01,2008",0.02
"28,01,2008",0.02
"29,01,2008",0.02
"30,01,2008",0.02
"31,01,2008",0.02
"01,02,2008",0.02
"04,02,2008",0.02
"05,02,2008",0.02
"06,02,2008",0.02
"07,02,2008",0.02
"08,02,2008",0.02
"11,02,2008",0.01
"12,02,2008",0.02
"13,02,2008",0.02
"14,02,2008",0.02
"15,02,2008",0.02
"18,02,2008",0.02
"19,02,2008",0.02
"20,02,2008",0.02
"21,02,2008",0.02
"22,02,2008",0.02
"25,02,2008",0.02
"26,02,2008",0.02
"27,02,2008",0.01
"28,02,2008",0.01
"29,02,2008",0.01
"03,03,2008",0.01
"04,03,2008",0.01
"05,03,2008",0.01
"06,03,2008",0.01
"07,03,2008",0.01
"10,03,2008",0.01
"11,03,2008",0.01
"12,03,2008",0.01
"13,03,2008",0.01
"14,03,2008",0.01
"17,03,2008",0.01
"18,03,2008",0.01
"19,03,2008",0.01
"20,03,2008",0.01
"25,03,2008",0.01
"26,03,2008",0.01
"27,03,2008",0.01
"28,03,2008",0.02
"31,03,2008",0.02
"01,04,2008",22.52
"02,04,2008",23.42
"03,04,2008",23.47
"04,04,2008",23.31
"07,04,2008",23.82
"08,04,2008",23.51
"09,04,2008",23.69
"10,04,2008",24.44
"11,04,2008",24.38
"14,04,2008",25
"15,04,2008",25.14
"16,04,2008",24.8
"17,04,2008",24.69
"18,04,2008",24.51
"21,04,2008",25.23
"22,04,2008",25.34
"23,04,2008",25
"24,04,2008",24.51
"25,04,2008",24.74
"28,04,2008",24.63
"29,04,2008",24.19
"30,04,2008",23.88
"01,05,2008",23.56
"02,05,2008",24.5
"06,05,2008",25.31
"07,05,2008",25.03
"08,05,2008",24.91
"09,05,2008",25.17
"12,05,2008",25.39
"13,05,2008",25.04
"14,05,2008",24.46
"15,05,2008",24.68
"16,05,2008",24.89
"19,05,2008",25.31
"20,05,2008",25.36
"21,05,2008",25.73
"22,05,2008",26.06
"23,05,2008",26.11
"26,05,2008",26.38
"27,05,2008",26.34
"28,05,2008",26.23
"29,05,2008",26.59
"30,05,2008",26.1
"02,06,2008",26.34
"03,06,2008",27.13
"04,06,2008",26.6
"05,06,2008",26.44
"06,06,2008",27.54
"09,06,2008",27.49
"10,06,2008",27.2
"11,06,2008",27.32
"12,06,2008",27.16
"13,06,2008",27
"16,06,2008",27.13
"17,06,2008",27.24
"18,06,2008",27.5
"19,06,2008",27.64
"20,06,2008",27.41
"23,06,2008",27.77
"24,06,2008",27.78
"25,06,2008",27.59
"26,06,2008",27.88
"27,06,2008",28.34
"30,06,2008",28.77
"01,07,2008",29.33
"02,07,2008",27.99
"03,07,2008",27.45
"04,07,2008",27.64
"07,07,2008",27.51
"08,07,2008",25.79
"09,07,2008",26.02
"10,07,2008",26.68
"11,07,2008",27.45
"14,07,2008",27.08
"15,07,2008",26.32
"16,07,2008",25.03
"17,07,2008",25.76
"18,07,2008",24.5
"21,07,2008",24.49
"22,07,2008",24.67
"23,07,2008",24.74
"24,07,2008",25.14
"25,07,2008",24.94
"28,07,2008",24.41
"29,07,2008",23.63
"30,07,2008",22.7
"31,07,2008",22.06
"01,08,2008",21.38
"04,08,2008",21.21
"05,08,2008",21.67
"06,08,2008",22.26
"07,08,2008",22.82
"08,08,2008",22.61
"11,08,2008",22.65
"12,08,2008",23.31
"13,08,2008",23.67
"14,08,2008",23.43
"15,08,2008",23.19
"18,08,2008",23.59
"19,08,2008",23.73
"20,08,2008",24.42
"21,08,2008",24.72
"22,08,2008",24.58
"25,08,2008",24.37
"26,08,2008",24.72
"27,08,2008",25.14
"28,08,2008",25.17
"29,08,2008",25.19
"01,09,2008",24.96
"02,09,2008",24.72
"03,09,2008",24.45
"04,09,2008",24.65
"05,09,2008",24.4
"08,09,2008",24.19
"09,09,2008",22.86
"10,09,2008",22.77
"11,09,2008",23.07
"12,09,2008",23.9
"15,09,2008",23.03
"16,09,2008",22.91
"17,09,2008",23.25
"18,09,2008",23.78
"19,09,2008",24.68
"22,09,2008",24.85
"23,09,2008",25.06
"24,09,2008",24.65
"25,09,2008",24.67
"26,09,2008",24.45
"29,09,2008",23.19
"30,09,2008",22.35
"01,10,2008",22.83
"02,10,2008",23.14
"03,10,2008",23.07
"06,10,2008",22.08
"07,10,2008",22.25
"08,10,2008",21.81
"09,10,2008",22.5
"10,10,2008",22.04
"13,10,2008",22.84
"14,10,2008",23.29
"15,10,2008",22.82
"16,10,2008",21.91
"17,10,2008",21.68
"20,10,2008",21.8
"21,10,2008",21.25
"22,10,2008",19.9
"23,10,2008",20.19
"24,10,2008",19.14
"27,10,2008",17.87
"28,10,2008",17.63
"29,10,2008",18.45
"30,10,2008",18.12
"31,10,2008",17.94
"03,11,2008",18.25
"04,11,2008",18.94
"05,11,2008",18.54
"06,11,2008",18.2
"07,11,2008",18.69
"10,11,2008",18.51
"11,11,2008",17.94
"12,11,2008",17.95
"13,11,2008",17.95
"14,11,2008",17.43
"17,11,2008",17.03
"18,11,2008",16.55
"19,11,2008",16.33
"20,11,2008",14.92
"21,11,2008",15.03
"24,11,2008",15.86
"25,11,2008",15.76
"26,11,2008",15.63
"27,11,2008",16.31
"28,11,2008",15.52
"01,12,2008",15.53
"02,12,2008",15.36
"03,12,2008",15.22
"04,12,2008",14.82
"05,12,2008",13.72
"08,12,2008",14.45
"09,12,2008",14.28
"10,12,2008",14.37
"11,12,2008",14.86
"12,12,2008",14.88
"15,12,2008",15.3
"16,12,2008",15.47
"17,12,2008",15.47
"18,12,2008",15.26
"19,12,2008",15.29
"22,12,2008",15.67
"23,12,2008",15.36
"24,12,2008",15.28
"29,12,2008",15.36
"30,12,2008",15.57
"31,12,2008",15.45
"02,01,2009",15.1
"05,01,2009",14.93
"06,01,2009",15.27
"07,01,2009",15.02
"08,01,2009",14.33
"09,01,2009",14.01
"12,01,2009",13.51
"13,01,2009",13.45
"14,01,2009",12.98
"15,01,2009",12.93
"16,01,2009",12.32
"19,01,2009",11.34
"20,01,2009",11.24
"21,01,2009",11.22
"22,01,2009",11.47
"23,01,2009",11.4
"26,01,2009",11.78
"27,01,2009",11.63
"28,01,2009",11.44
"29,01,2009",11.61
"30,01,2009",11.57
"02,02,2009",11.01
"03,02,2009",10.36
"04,02,2009",10.18
"05,02,2009",9.97
"06,02,2009",9.87
"09,02,2009",9.91
"10,02,2009",9.17
"11,02,2009",8.35
"12,02,2009",8.06
"13,02,2009",8.45
"16,02,2009",8.27
"17,02,2009",8.48
"18,02,2009",9.52
"19,02,2009",10.6
"20,02,2009",9.76
"23,02,2009",9.44
"24,02,2009",9.19
"25,02,2009",9.57
"26,02,2009",10.43
"27,02,2009",9.96
"02,03,2009",9.95
"03,03,2009",10.8
"04,03,2009",11.47
"05,03,2009",11.11
"06,03,2009",10.65
"09,03,2009",11.49
"10,03,2009",11.78
"11,03,2009",11.49
"12,03,2009",11.6
"13,03,2009",12.05
"16,03,2009",12.28
"17,03,2009",12.65
"18,03,2009",11.97
"19,03,2009",11.37
"20,03,2009",10.96
"23,03,2009",11.62
"24,03,2009",10.96
"25,03,2009",10.3
"26,03,2009",10.62
"27,03,2009",10.9
"30,03,2009",10.89
"31,03,2009",11.45
"01,04,2009",11.9
"02,04,2009",11.79
"03,04,2009",12.18
"06,04,2009",12.38
"07,04,2009",12.12
"08,04,2009",12.56
"09,04,2009",13.06
"14,04,2009",13.9
"15,04,2009",13.55
"16,04,2009",13.67
"17,04,2009",13.6
"20,04,2009",12.87
"21,04,2009",12.95
"22,04,2009",13.32
"23,04,2009",13.2
"24,04,2009",13.5
"27,04,2009",13.29
"28,04,2009",13.17
"29,04,2009",13.46
"30,04,2009",13.92
"01,05,2009",14.15
"04,05,2009",14.51
"05,05,2009",13.9
"06,05,2009",14.27
"07,05,2009",14.58
"08,05,2009",15.23
"11,05,2009",15.63
"12,05,2009",14.87
"13,05,2009",14.45
"14,05,2009",14.16
"15,05,2009",13.81
"18,05,2009",14.09
"19,05,2009",14.34
"20,05,2009",14.96
"21,05,2009",14.75
"22,05,2009",14.89
"25,05,2009",14.89
"26,05,2009",14.74
"27,05,2009",14.95
"28,05,2009",14.92
"29,05,2009",14.65
"01,06,2009",14.93
"02,06,2009",14.71
"03,06,2009",14.1
"04,06,2009",14.01
"05,06,2009",13.89
"08,06,2009",13.13
"09,06,2009",12.99
"10,06,2009",13.12
"11,06,2009",13.22
"12,06,2009",12.85
"15,06,2009",12.19
"16,06,2009",12.76
"17,06,2009",12.73
"18,06,2009",12.68
"19,06,2009",13.15
"22,06,2009",12.78
"23,06,2009",12.85
"24,06,2009",13.15
"25,06,2009",13.32
"26,06,2009",13.25
"29,06,2009",13.41
"30,06,2009",13.15
"01,07,2009",13.13
"02,07,2009",13.02
"03,07,2009",12.96
"06,07,2009",12.98
"07,07,2009",13.1
"08,07,2009",13.35
"09,07,2009",13.73
"10,07,2009",13.93
"13,07,2009",14.61
"14,07,2009",14.19
"15,07,2009",14.45
"16,07,2009",14.47
"17,07,2009",14.02
"20,07,2009",14.09
"21,07,2009",14.44
"22,07,2009",14.35
"23,07,2009",14.39
"24,07,2009",14.27
"27,07,2009",14.08
"28,07,2009",13.74
"29,07,2009",13.56
"30,07,2009",13.67
"31,07,2009",13.66
"03,08,2009",14.37
"04,08,2009",14.54
"05,08,2009",14.28
"06,08,2009",14.3
"07,08,2009",14.26
"10,08,2009",14.13
"11,08,2009",14.09
"12,08,2009",14.29
"13,08,2009",14.28
"14,08,2009",14.32
"17,08,2009",14.43
"18,08,2009",14.71
"19,08,2009",14.86
"20,08,2009",15.07
"21,08,2009",15.32
"24,08,2009",15.14
"25,08,2009",15.15
"26,08,2009",15.14
"27,08,2009",15.1
"28,08,2009",15.13
"31,08,2009",14.89
"01,09,2009",14.77
"02,09,2009",14.99
"03,09,2009",15.32
"04,09,2009",15.18
"07,09,2009",15.29
"08,09,2009",15.42
"09,09,2009",15.12
"10,09,2009",15.05
"11,09,2009",14.53
"14,09,2009",13.86
"15,09,2009",14.23
"16,09,2009",14.01
"17,09,2009",13.56
"18,09,2009",13.6
"21,09,2009",13.9
"22,09,2009",13.67
"23,09,2009",13.29
"24,09,2009",12.75
"25,09,2009",13.06
"28,09,2009",13.44
"29,09,2009",13.1
"30,09,2009",13.36
"01,10,2009",13.22
"02,10,2009",13.05
"05,10,2009",13.12
"06,10,2009",13.73
"07,10,2009",13.61
"08,10,2009",13.42
"09,10,2009",13.78
"12,10,2009",14.28
"13,10,2009",14.32
"14,10,2009",14.44
"15,10,2009",14.22
"16,10,2009",14.14
"19,10,2009",14.44
"20,10,2009",14.58
"21,10,2009",14.97
"22,10,2009",14.46
"23,10,2009",14.39
"26,10,2009",14.34
"27,10,2009",14.26
"28,10,2009",14.24
"29,10,2009",14.75
"30,10,2009",14.54
"02,11,2009",14.54
"03,11,2009",14.39
"04,11,2009",14.36
"05,11,2009",14.37
"06,11,2009",13.97
"09,11,2009",13.87
"10,11,2009",13.72
"11,11,2009",13.52
"12,11,2009",13.31
"13,11,2009",13.41
"16,11,2009",13.74
"17,11,2009",13.35
"18,11,2009",13.5
"19,11,2009",13.39
"20,11,2009",13.07
"23,11,2009",13.1
"24,11,2009",12.63
"25,11,2009",12.88
"26,11,2009",12.93
"27,11,2009",13.18
"30,11,2009",13.14
"01,12,2009",13.49
"02,12,2009",13.57
"03,12,2009",13.85
"04,12,2009",14.12
"07,12,2009",14.76
"08,12,2009",14.09
"09,12,2009",14.17
"10,12,2009",14.17
"11,12,2009",14.36
"14,12,2009",14.37
"15,12,2009",14.47
"16,12,2009",14.17
"17,12,2009",13.41
"18,12,2009",13.39
"21,12,2009",12.25
"22,12,2009",12.49
"23,12,2009",12.78
"24,12,2009",12.55
"29,12,2009",12.44
"30,12,2009",12.45
"31,12,2009",12.31
"04,01,2010",12.91
"05,01,2010",12.52
"06,01,2010",12.22
"07,01,2010",12.57
"08,01,2010",12.82
"11,01,2010",13
"12,01,2010",12.71
"13,01,2010",12.94
"14,01,2010",13.44
"15,01,2010",13.23
"18,01,2010",13.55
"19,01,2010",13.63
"20,01,2010",13.21
"21,01,2010",13.07
"22,01,2010",12.97
"25,01,2010",13.28
"26,01,2010",13.46
"27,01,2010",13.25
"28,01,2010",12.99
"29,01,2010",12.71
"01,02,2010",12.57
"02,02,2010",12.59
"03,02,2010",12.59
"04,02,2010",13.06
"05,02,2010",13.11
"08,02,2010",13.6
"09,02,2010",13.41
"10,02,2010",13.12
"11,02,2010",13.06
"12,02,2010",12.82
"15,02,2010",13
"16,02,2010",13.16
"17,02,2010",12.79
"18,02,2010",12.83
"19,02,2010",12.36
"22,02,2010",12.63
"23,02,2010",12.58
"24,02,2010",12.92
"25,02,2010",12.76
"26,02,2010",12.86
"01,03,2010",13.19
"02,03,2010",13.16
"03,03,2010",13.4
"04,03,2010",12.98
"05,03,2010",13.16
"08,03,2010",12.96
"09,03,2010",12.99
"10,03,2010",13.09
"11,03,2010",12.85
"12,03,2010",12.76
"15,03,2010",12.92
"16,03,2010",12.84
"17,03,2010",12.88
"18,03,2010",12.95
"19,03,2010",12.96
"22,03,2010",12.97
"23,03,2010",12.79
"24,03,2010",12.67
"25,03,2010",12.55
"26,03,2010",12.81
"29,03,2010",12.67
"30,03,2010",12.73
"31,03,2010",12.71
"01,04,2010",12.98
"05,04,2010",12.98
"06,04,2010",13.33
"07,04,2010",13.42
"08,04,2010",13.45
"09,04,2010",13.59
"12,04,2010",13.6
"13,04,2010",13.59
"14,04,2010",14.11
"15,04,2010",14.04
"16,04,2010",14.31
"19,04,2010",14.47
"20,04,2010",14.63
"21,04,2010",14.57
"22,04,2010",14.57
"23,04,2010",14.85
"26,04,2010",15.49
"27,04,2010",15.15
"28,04,2010",14.88
"29,04,2010",15.25
"30,04,2010",15.84
"03,05,2010",16.42
"04,05,2010",15.82
"05,05,2010",15.88
"06,05,2010",16.07
"07,05,2010",15.42
"10,05,2010",15.14
"11,05,2010",15.57
"12,05,2010",15.62
"13,05,2010",15.73
"14,05,2010",15.56
"17,05,2010",15.01
"18,05,2010",15.2
"19,05,2010",14.63
"20,05,2010",14.61
"21,05,2010",14.76
"24,05,2010",15.33
"25,05,2010",15.11
"26,05,2010",15.61
"27,05,2010",15.4
"28,05,2010",15.02
"31,05,2010",15.02
"01,06,2010",15.05
"02,06,2010",15.18
"03,06,2010",15.17
"04,06,2010",15.25
"07,06,2010",15.13
"08,06,2010",15.6
"09,06,2010",15.67
"10,06,2010",15.37
"11,06,2010",15.53
"14,06,2010",15.76
"15,06,2010",15.64
"16,06,2010",15.42
"17,06,2010",15.56
"18,06,2010",15.62
"21,06,2010",15.7
"22,06,2010",15.2
"23,06,2010",15.23
"24,06,2010",15.11
"25,06,2010",15.28
"28,06,2010",15.29
"29,06,2010",15.15
"30,06,2010",15.19
"01,07,2010",15.18
"02,07,2010",15.29
"05,07,2010",15.29
"06,07,2010",15.08
"07,07,2010",14.74
"08,07,2010",14.29
"09,07,2010",14.55
"12,07,2010",13.99
"13,07,2010",13.77
"14,07,2010",13.94
"15,07,2010",13.88
"16,07,2010",14.19
"19,07,2010",14.48
"20,07,2010",14.16
"21,07,2010",13.87
"22,07,2010",14.18
"23,07,2010",13.94
"26,07,2010",13.46
"27,07,2010",13.65
"28,07,2010",13.7
"29,07,2010",13.95
"30,07,2010",14.08
"02,08,2010",14.43
"03,08,2010",14.37
"04,08,2010",14.27
"05,08,2010",14.28
"06,08,2010",14.17
"09,08,2010",14.51
"10,08,2010",14.44
"11,08,2010",14.34
"12,08,2010",14.36
"13,08,2010",14.42
"16,08,2010",14.34
"17,08,2010",14.42
"18,08,2010",14.33
"19,08,2010",14.85
"20,08,2010",15
"23,08,2010",14.76
"24,08,2010",14.9
"25,08,2010",15.32
"26,08,2010",15.18
"27,08,2010",15.22
"30,08,2010",15.39
"31,08,2010",15.22
"01,09,2010",15.34
"02,09,2010",15.73
"03,09,2010",15.69
"06,09,2010",15.67
"07,09,2010",15.69
"08,09,2010",15.56
"09,09,2010",15.46
"10,09,2010",15.23
"13,09,2010",15.25
"14,09,2010",15.22
"15,09,2010",15.37
"16,09,2010",15.21
"17,09,2010",15.26
"20,09,2010",14.97
"21,09,2010",14.87
"22,09,2010",14.99
"23,09,2010",14.83
"24,09,2010",15.23
"27,09,2010",15.32
"28,09,2010",15.67
"29,09,2010",15.65
"30,09,2010",15.41
"01,10,2010",15.36
"04,10,2010",15.27
"05,10,2010",15.57
"06,10,2010",15.57
"07,10,2010",15.47
"08,10,2010",15.57
"11,10,2010",15.84
"12,10,2010",15.75
"13,10,2010",15.63
"14,10,2010",15.54
"15,10,2010",15.45
"18,10,2010",15.38
"19,10,2010",15.03
"20,10,2010",15.15
"21,10,2010",14.86
"22,10,2010",15.07
"25,10,2010",15.16
"26,10,2010",15
"27,10,2010",15.1
"28,10,2010",14.91
"29,10,2010",14.63
"01,11,2010",14.69
"02,11,2010",14.71
"03,11,2010",14.69
"04,11,2010",14.38
"05,11,2010",14.51
"08,11,2010",14.24
"09,11,2010",14.3
"10,11,2010",14.49
"11,11,2010",14.84
"12,11,2010",14.9
"15,11,2010",15.11
"16,11,2010",14.63
"17,11,2010",14.88
"18,11,2010",14.94
"19,11,2010",14.96
"22,11,2010",15.08
"23,11,2010",15.02
"24,11,2010",15.15
"25,11,2010",15.08
"26,11,2010",15.08
"29,11,2010",14.95
"30,11,2010",14.76
"01,12,2010",14.84
"02,12,2010",14.67
"03,12,2010",14.75
"06,12,2010",14.87
"07,12,2010",14.79
"08,12,2010",14.67
"09,12,2010",14.53
"10,12,2010",14.59
"13,12,2010",14.53
"14,12,2010",14.46
"15,12,2010",14.34
"16,12,2010",14.26
"17,12,2010",13.98
"20,12,2010",13.9
"21,12,2010",13.96
"22,12,2010",14.1
"23,12,2010",13.86
"24,12,2010",13.87
"27,12,2010",13.87
"28,12,2010",13.87
"29,12,2010",14.06
"30,12,2010",13.94
"31,12,2010",14.02
"03,01,2011",14.02
"04,01,2011",14.21
"05,01,2011",14.31
"06,01,2011",14.47
"07,01,2011",14.41
"10,01,2011",14.01
"11,01,2011",14.09
"12,01,2011",14.03
"13,01,2011",14.06
"14,01,2011",14.27
"17,01,2011",14.34
"18,01,2011",14.39
"19,01,2011",14.16
"20,01,2011",14.15
"21,01,2011",14.26
"24,01,2011",14.37
"25,01,2011",14.68
"26,01,2011",14.69
"27,01,2011",14.51
"28,01,2011",14.54
"31,01,2011",14.76
"01,02,2011",14.64
"02,02,2011",14.76
"03,02,2011",14.47
"04,02,2011",14.49
"07,02,2011",14.42
"08,02,2011",14.49
"09,02,2011",14.46
"10,02,2011",14.47
"11,02,2011",14.67
"14,02,2011",14.67
"15,02,2011",14.57
"16,02,2011",14.46
"17,02,2011",14.59
"18,02,2011",14.63
"21,02,2011",15.04
"22,02,2011",15.02
"23,02,2011",14.96
"24,02,2011",15.05
"25,02,2011",15.21
"28,02,2011",15.3
"01,03,2011",15.28
"02,03,2011",15.2
"03,03,2011",15.17
"04,03,2011",15.5
"07,03,2011",15.39
"08,03,2011",15.31
"09,03,2011",15.36
"10,03,2011",15.3
"11,03,2011",15.3
"14,03,2011",16.02
"15,03,2011",16.67
"16,03,2011",16.71
"17,03,2011",16.28
"18,03,2011",16.76
"21,03,2011",16.35
"22,03,2011",16.42
"23,03,2011",16.42
"24,03,2011",16.06
"25,03,2011",16.33
"28,03,2011",16.79
"29,03,2011",16.69
"30,03,2011",16.66
"31,03,2011",16.88
"01,04,2011",16.75
"04,04,2011",16.83
"05,04,2011",16.62
"06,04,2011",16.74
"07,04,2011",16.58
"08,04,2011",16.6
"11,04,2011",16.36
"12,04,2011",16.2
"13,04,2011",16.25
"14,04,2011",16.38
"15,04,2011",16.69
"18,04,2011",16.3
"19,04,2011",16.41
"20,04,2011",16.62
"21,04,2011",16.5
"25,04,2011",16.5
"26,04,2011",16.52
"27,04,2011",16.61
"28,04,2011",16.77
"29,04,2011",16.7
"02,05,2011",17.03
"03,05,2011",16.81
"04,05,2011",16.7
"05,05,2011",16.58
"06,05,2011",16.66
"09,05,2011",16.63
"10,05,2011",16.56
"11,05,2011",16.44
"12,05,2011",16.52
"13,05,2011",16.38
"16,05,2011",16.55
"17,05,2011",16.3
"18,05,2011",16.25
"19,05,2011",16.17
"20,05,2011",16.07
"23,05,2011",15.85
"24,05,2011",16.05
"25,05,2011",16.05
"26,05,2011",16.05
"27,05,2011",16.6
"30,05,2011",16.6
"31,05,2011",16.69
"01,06,2011",16.51
"02,06,2011",16.46
"03,06,2011",16.53
"06,06,2011",16.39
"07,06,2011",16.35
"08,06,2011",16.21
"09,06,2011",16.38
"10,06,2011",16.37
"13,06,2011",16.4
"14,06,2011",16.21
"15,06,2011",15.98
"16,06,2011",15.82
"17,06,2011",15.4
"20,06,2011",15.02
"21,06,2011",14.55
"22,06,2011",14.54
"23,06,2011",13.15
"24,06,2011",12.07
"27,06,2011",12.76
"28,06,2011",13.36
"29,06,2011",12.91
"30,06,2011",13.43
"01,07,2011",13.18
"04,07,2011",13.31
"05,07,2011",13.44
"06,07,2011",13.07
"07,07,2011",12.89
"08,07,2011",12.58
"11,07,2011",11.97
"12,07,2011",12.28
"13,07,2011",11.87
"14,07,2011",12.19
"15,07,2011",12.31
"18,07,2011",12.13
"19,07,2011",12.28
"20,07,2011",12.69
"21,07,2011",13.01
"22,07,2011",12.89
"25,07,2011",12.83
"26,07,2011",12.76
"27,07,2011",12.3
"28,07,2011",12.39
"29,07,2011",12.12
"01,08,2011",11.9
"02,08,2011",11.63
"03,08,2011",11.32
"04,08,2011",11.18
"05,08,2011",10.59
"08,08,2011",10.63
"09,08,2011",11.32
"10,08,2011",11.49
"11,08,2011",12.15
"12,08,2011",12.35
"15,08,2011",12.36
"16,08,2011",12.27
"17,08,2011",12.69
"18,08,2011",12.23
"19,08,2011",12.38
"22,08,2011",12.45
"23,08,2011",12.8
"24,08,2011",13.05
"25,08,2011",12.89
"26,08,2011",13.06
"29,08,2011",13.19
"30,08,2011",13.38
"31,08,2011",12.84
"01,09,2011",12.8
"02,09,2011",12.51
"05,09,2011",12.29
"06,09,2011",12.09
"07,09,2011",12.34
"08,09,2011",12.16
"09,09,2011",11.79
"12,09,2011",11.81
"13,09,2011",11.94
"14,09,2011",12.13
"15,09,2011",12.28
"16,09,2011",12.06
"19,09,2011",11.72
"20,09,2011",11.82
"21,09,2011",11.72
"22,09,2011",11.25
"23,09,2011",11.27
"26,09,2011",10.81
"27,09,2011",10.82
"28,09,2011",10.5
"29,09,2011",10.93
"30,09,2011",10.74
"03,10,2011",10.17
"04,10,2011",10.1
"05,10,2011",10.23
"06,10,2011",10.47
"07,10,2011",10.46
"10,10,2011",10.72
"11,10,2011",10.67
"12,10,2011",10.7
"13,10,2011",10.3
"14,10,2011",10.41
"17,10,2011",10.34
"18,10,2011",10.3
"19,10,2011",10.02
"20,10,2011",10.19
"21,10,2011",10.36
"24,10,2011",10.54
"25,10,2011",10.41
"26,10,2011",10.12
"27,10,2011",10.43
"28,10,2011",10.42
"31,10,2011",10.17
"01,11,2011",9.87
"02,11,2011",9.49
"03,11,2011",9.69
"04,11,2011",9.42
"07,11,2011",9.95
"08,11,2011",10.1
"09,11,2011",9.89
"10,11,2011",9.82
"11,11,2011",10.12
"14,11,2011",10.06
"15,11,2011",10.03
"16,11,2011",9.87
"17,11,2011",9.65
"18,11,2011",9.35
"21,11,2011",8.9
"22,11,2011",9.1
"23,11,2011",8.44
"24,11,2011",7.89
"25,11,2011",7.71
"28,11,2011",7.99
"29,11,2011",7.98
"30,11,2011",8.35
"01,12,2011",7.93
"02,12,2011",7.82
"05,12,2011",7.31
"06,12,2011",7.32
"07,12,2011",7.21
"08,12,2011",7.64
"09,12,2011",7.84
"12,12,2011",7.54
"13,12,2011",7.03
"14,12,2011",6.45
"15,12,2011",6.77
"16,12,2011",6.75
"19,12,2011",6.98
"20,12,2011",8.6
"21,12,2011",8.04
"22,12,2011",7.77
"23,12,2011",7.91
"27,12,2011",7.91
"28,12,2011",7.5
"29,12,2011",6.98
"30,12,2011",7.03
"03,01,2012",6.32
"04,01,2012",6.29
"05,01,2012",6.44
"06,01,2012",6.33
"09,01,2012",6.53
"10,01,2012",6.86
"11,01,2012",6.77
"12,01,2012",6.94
"13,01,2012",6.75
"16,01,2012",6.49
"17,01,2012",6.5
"18,01,2012",6.63
"19,01,2012",7.09
"20,01,2012",7.05
"23,01,2012",6.89
"24,01,2012",7.29
"25,01,2012",7.37
"26,01,2012",7.52
"27,01,2012",7.99
"30,01,2012",7.59
"31,01,2012",7.85
"01,02,2012",8.27
"02,02,2012",8.54
"03,02,2012",8.3
"06,02,2012",8.5
"07,02,2012",8.54
"08,02,2012",8.13
"09,02,2012",7.8
"10,02,2012",7.73
"13,02,2012",7.47
"14,02,2012",7.91
"15,02,2012",8.16
"16,02,2012",8.78
"17,02,2012",9.05
"20,02,2012",8.55
"21,02,2012",8.97
"22,02,2012",8.94
"23,02,2012",8.63
"24,02,2012",9.2
"27,02,2012",9.28
"28,02,2012",8.8
"29,02,2012",8.34
"01,03,2012",8.65
"02,03,2012",8.83
"05,03,2012",8.62
"06,03,2012",8.35
"07,03,2012",8.4
"08,03,2012",8.25
"09,03,2012",7.9
"12,03,2012",7.66
"13,03,2012",7.62
"14,03,2012",7.95
"15,03,2012",7.83
"16,03,2012",7.6
"19,03,2012",7.62
"20,03,2012",7.02
"21,03,2012",7.26
"22,03,2012",6.71
"23,03,2012",6.87
"26,03,2012",6.84
"27,03,2012",7.17
"28,03,2012",7.1
"29,03,2012",6.77
"30,03,2012",7.04
"02,04,2012",6.25
"03,04,2012",6.38
"04,04,2012",6.11
"05,04,2012",6.71
"09,04,2012",6.71
"10,04,2012",6.81
"11,04,2012",6.95
"12,04,2012",7.09
"13,04,2012",7.15
"16,04,2012",6.84
"17,04,2012",7.1
"18,04,2012",7.25
"19,04,2012",7.38
"20,04,2012",7.37
"23,04,2012",7.12
"24,04,2012",7.12
"25,04,2012",7.07
"26,04,2012",7.26
"27,04,2012",7.28
"30,04,2012",7.52
"01,05,2012",7.49
"02,05,2012",7.12
"03,05,2012",7.06
"04,05,2012",6.6
"07,05,2012",6.62
"08,05,2012",6.76
"09,05,2012",6.7
"10,05,2012",6.67
"11,05,2012",6.75
"14,05,2012",6.59
"15,05,2012",6.48
"16,05,2012",6.53
"17,05,2012",6.48
"18,05,2012",6.36
"21,05,2012",6.63
"22,05,2012",6.91
"23,05,2012",6.71
"24,05,2012",6.81
"25,05,2012",6.82
"28,05,2012",6.71
"29,05,2012",6.54
"30,05,2012",6.4
"31,05,2012",6.27
"01,06,2012",6.38
"04,06,2012",6.38
"05,06,2012",6.38
"06,06,2012",6.36
"07,06,2012",6.45
"08,06,2012",6.6
"11,06,2012",6.62
"12,06,2012",6.65
"13,06,2012",6.71
"14,06,2012",6.84
"15,06,2012",7.23
"18,06,2012",7.33
"19,06,2012",7.5
"20,06,2012",7.44
"21,06,2012",7.5
"22,06,2012",8.09
"25,06,2012",7.98
"26,06,2012",8.02
"27,06,2012",7.93
"28,06,2012",7.95
"29,06,2012",8.24
"02,07,2012",8.11
"03,07,2012",8.3
"04,07,2012",8.26
"05,07,2012",8.32
"06,07,2012",8.04
"09,07,2012",7.98
"10,07,2012",7.92
"11,07,2012",7.87
"12,07,2012",7.63
"13,07,2012",7.63
"16,07,2012",7.55
"17,07,2012",7.65
"18,07,2012",7.13
"19,07,2012",6.86
"20,07,2012",7.12
"23,07,2012",7.11
"24,07,2012",7.18
"25,07,2012",6.84
"26,07,2012",6.96
"27,07,2012",6.9
"30,07,2012",6.57
"31,07,2012",6.9
"01,08,2012",6.94
"02,08,2012",7.05
"03,08,2012",7.08
"06,08,2012",7.17
"07,08,2012",7.29
"08,08,2012",7.21
"09,08,2012",7.12
"10,08,2012",7.18
"13,08,2012",7.47
"14,08,2012",7.63
"15,08,2012",7.46
"16,08,2012",7.68
"17,08,2012",7.68
"20,08,2012",7.62
"21,08,2012",7.88
"22,08,2012",7.99
"23,08,2012",8.12
"24,08,2012",8.13
"27,08,2012",8.1
"28,08,2012",7.93
"29,08,2012",7.67
"30,08,2012",7.64
"31,08,2012",8.03
"03,09,2012",8.22
"04,09,2012",8.17
"05,09,2012",8.2
"06,09,2012",8.21
"07,09,2012",8.33
"10,09,2012",7.79
"11,09,2012",7.7
"12,09,2012",7.89
"13,09,2012",7.75
"14,09,2012",7.4
"17,09,2012",7.35
"18,09,2012",7.4
"19,09,2012",7.52
"20,09,2012",7.63
"21,09,2012",7.41
"24,09,2012",7.22
"25,09,2012",7.48
"26,09,2012",7.63
"27,09,2012",7.86
"28,09,2012",7.96
"01,10,2012",7.95
"02,10,2012",7.87
"03,10,2012",7.59
"04,10,2012",7.64
"05,10,2012",7.81
"08,10,2012",7.92
"09,10,2012",7.89
"10,10,2012",7.72
"11,10,2012",7.81
"12,10,2012",7.83
"15,10,2012",7.69
"16,10,2012",8
"17,10,2012",8.28
"18,10,2012",8.08
"19,10,2012",7.97
"22,10,2012",7.91
"23,10,2012",7.88
"24,10,2012",7.67
"25,10,2012",7.69
"26,10,2012",7.89
"29,10,2012",8.08
"30,10,2012",8.15
"31,10,2012",8.24
"01,11,2012",8.05
"02,11,2012",8.11
"05,11,2012",8.26
"06,11,2012",8.35
"07,11,2012",8.23
"08,11,2012",8.28
"09,11,2012",8.33
"12,11,2012",9.08
"13,11,2012",8.41
"14,11,2012",7.92
"15,11,2012",7.13
"16,11,2012",6.9
"19,11,2012",6.71
"20,11,2012",6.74
"21,11,2012",6.77
"22,11,2012",6.79
"23,11,2012",7.01
"26,11,2012",6.84
"27,11,2012",6.85
"28,11,2012",6.83
"29,11,2012",6.58
"30,11,2012",6.2
"03,12,2012",5.95
"04,12,2012",5.72
"05,12,2012",6.15
"06,12,2012",6.39
"07,12,2012",6.78
"10,12,2012",7.07
"11,12,2012",6.84
"12,12,2012",6.75
"13,12,2012",6.67
"14,12,2012",6.57
"17,12,2012",6.47
"18,12,2012",6.75
"19,12,2012",7.06
"20,12,2012",7.2
"21,12,2012",7.04
"24,12,2012",6.95
"26,12,2012",6.95
"27,12,2012",6.87
"28,12,2012",6.53
"31,12,2012",6.48
"02,01,2013",6.4
"03,01,2013",6.23
"04,01,2013",6.17
"07,01,2013",6.49
"08,01,2013",6.3
"09,01,2013",6.05
"10,01,2013",5.89
"11,01,2013",5.75
"14,01,2013",5.74
"15,01,2013",5.91
"16,01,2013",5.5
"17,01,2013",5.47
"18,01,2013",4.98
"21,01,2013",4.83
"22,01,2013",5.32
"23,01,2013",4.53
"24,01,2013",4.23
"25,01,2013",4.01
"28,01,2013",4.08
"29,01,2013",3.89
"30,01,2013",3.7
"31,01,2013",3.33
"01,02,2013",4.23
"04,02,2013",4.21
"05,02,2013",4.3
"06,02,2013",4.07
"07,02,2013",4.09
"08,02,2013",4.44
"11,02,2013",4.37
"12,02,2013",4.47
"13,02,2013",5.11
"14,02,2013",5.13
"15,02,2013",5.07
"18,02,2013",4.99
"19,02,2013",4.57
"20,02,2013",4.86
"21,02,2013",5.18
"22,02,2013",5.07
"25,02,2013",4.47
"26,02,2013",4.2
"27,02,2013",4.37
"28,02,2013",4.8
"01,03,2013",4.57
"04,03,2013",4.53
"05,03,2013",4.14
"06,03,2013",4.19
"07,03,2013",4.24
"08,03,2013",4.18
"11,03,2013",3.88
"12,03,2013",3.66
"13,03,2013",3.45
"14,03,2013",3.63
"15,03,2013",3.71
"18,03,2013",3.48
"19,03,2013",3.47
"20,03,2013",3.93
"21,03,2013",4.38
"22,03,2013",4.11
"25,03,2013",4.44
"26,03,2013",4.57
"27,03,2013",4.9
"28,03,2013",4.76
"01,04,2013",4.76
"02,04,2013",4.9
"03,04,2013",4.87
"04,04,2013",4.99
"05,04,2013",5.13
"08,04,2013",5.14
"09,04,2013",4.73
"10,04,2013",4.25
"11,04,2013",4.29
"12,04,2013",4.71
"15,04,2013",4.7
"16,04,2013",3.05
"17,04,2013",2.72
"18,04,2013",3.04
"19,04,2013",3.13
"22,04,2013",2.85
"23,04,2013",3.05
"24,04,2013",2.98
"25,04,2013",2.92
"26,04,2013",3.06
"29,04,2013",3.27
"30,04,2013",3.08
"01,05,2013",2.87
"02,05,2013",3.04
"03,05,2013",3.73
"06,05,2013",3.86
"07,05,2013",3.69
"08,05,2013",3.44
"09,05,2013",3.74
"10,05,2013",3.33
"13,05,2013",3.22
"14,05,2013",3.47
"15,05,2013",3.59
"16,05,2013",3.65
"17,05,2013",3.49
"20,05,2013",3.56
"21,05,2013",3.51
"22,05,2013",3.28
"23,05,2013",3.36
"24,05,2013",3.51
"27,05,2013",3.45
"28,05,2013",3.6
"29,05,2013",3.7
"30,05,2013",3.77
"31,05,2013",3.91
"03,06,2013",3.87
"04,06,2013",3.91
"05,06,2013",3.86
"06,06,2013",3.95
"07,06,2013",4.07
"10,06,2013",4
"11,06,2013",4.16
"12,06,2013",4.46
"13,06,2013",4.38
"14,06,2013",4.74
"17,06,2013",4.55
"18,06,2013",4.67
"19,06,2013",4.35
"20,06,2013",4.4
"21,06,2013",4.35
"24,06,2013",4.09
"25,06,2013",4.27
"26,06,2013",4.41
"27,06,2013",4.42
"28,06,2013",4.2
"01,07,2013",4.23
"02,07,2013",4.28
"03,07,2013",4.68
"04,07,2013",4.54
"05,07,2013",4.28
"08,07,2013",4.23
"09,07,2013",4.16
"10,07,2013",4.04
"11,07,2013",4.08
"12,07,2013",4.03
"15,07,2013",4.04
"16,07,2013",4.12
"17,07,2013",4.12
"18,07,2013",4.12
"19,07,2013",4.18
"22,07,2013",4.2
"23,07,2013",4.25
"24,07,2013",4.29
"25,07,2013",4.29
"26,07,2013",4.32
"29,07,2013",4.32
"30,07,2013",4.27
"31,07,2013",4.32
"01,08,2013",4.33
"02,08,2013",4.38
"05,08,2013",4.41
"06,08,2013",4.5
"07,08,2013",4.44
"08,08,2013",4.51
"09,08,2013",4.44
"12,08,2013",4.31
"13,08,2013",4.29
"14,08,2013",4.35
"15,08,2013",4.35
"16,08,2013",4.35
"19,08,2013",4.32
"20,08,2013",4.34
"21,08,2013",4.36
"22,08,2013",4.51
"23,08,2013",4.42
"26,08,2013",4.41
"27,08,2013",4.53
"28,08,2013",4.59
"29,08,2013",4.58
"30,08,2013",4.55
"02,09,2013",4.49
"03,09,2013",4.4
"04,09,2013",4.54
"05,09,2013",4.95
"06,09,2013",5.32
"09,09,2013",5.3
"10,09,2013",5.12
"11,09,2013",5.25
"12,09,2013",5.61
"13,09,2013",5.39
"16,09,2013",5.46
"17,09,2013",5.66
"18,09,2013",5.52
"19,09,2013",5.35
"20,09,2013",5.35
"23,09,2013",5.41
"24,09,2013",5.37
"25,09,2013",5.37
"26,09,2013",5.46
"27,09,2013",5.39
"30,09,2013",5.02
"01,10,2013",5.15
"02,10,2013",5.28
"03,10,2013",5.2
"04,10,2013",5.11
"07,10,2013",4.97
"08,10,2013",4.87
"09,10,2013",4.8
"10,10,2013",4.77
"11,10,2013",4.62
"14,10,2013",4.82
"15,10,2013",4.96
"16,10,2013",5.34
"17,10,2013",5.18
"18,10,2013",5.13
"21,10,2013",4.59
"22,10,2013",4.71
"23,10,2013",4.62
"24,10,2013",4.67
"25,10,2013",5.01
"28,10,2013",4.83
"29,10,2013",5.09
"30,10,2013",4.97
"31,10,2013",4.81
"01,11,2013",4.62
"04,11,2013",4.56
"05,11,2013",4.8
"06,11,2013",4.78
"07,11,2013",4.8
"08,11,2013",4.49
"11,11,2013",4.61
"12,11,2013",4.65
"13,11,2013",4.65
"14,11,2013",4.59
"15,11,2013",4.5
"18,11,2013",4.35
"19,11,2013",4.42
"20,11,2013",4.49
"21,11,2013",4.41
"22,11,2013",4.43
"25,11,2013",4.4
"26,11,2013",4.49
"27,11,2013",4.47
"28,11,2013",4.43
"29,11,2013",4.36
"02,12,2013",4.5
"03,12,2013",4.48
"04,12,2013",4.48
"05,12,2013",4.64
"06,12,2013",4.79
"09,12,2013",4.9
"10,12,2013",5.02
"11,12,2013",4.88
"12,12,2013",4.9
"13,12,2013",4.8
"16,12,2013",4.67
"17,12,2013",4.91
"18,12,2013",4.89
"19,12,2013",4.94
"20,12,2013",4.78
"23,12,2013",4.79
"24,12,2013",4.92
"26,12,2013",4.92
"27,12,2013",4.94
"30,12,2013",4.93
"31,12,2013",4.86
"02,01,2014",4.74
"03,01,2014",4.72
"06,01,2014",4.64
"07,01,2014",4.69
"08,01,2014",4.58
"09,01,2014",4.51
"10,01,2014",4.53
"13,01,2014",4.63
"14,01,2014",4.83
"15,01,2014",4.82
"16,01,2014",5.07
"17,01,2014",5.07
"20,01,2014",4.93
"21,01,2014",5.04
"22,01,2014",5.13
"23,01,2014",5.03
"24,01,2014",5.26
"27,01,2014",5.37
"28,01,2014",5.52
"29,01,2014",5.5
"30,01,2014",5.71
"31,01,2014",5.52
"03,02,2014",5.84
"04,02,2014",5.82
"05,02,2014",6.07
"06,02,2014",6.44
"07,02,2014",6.42
"10,02,2014",6.4
"11,02,2014",6.24
"12,02,2014",6.35
"13,02,2014",6.38
"14,02,2014",6.58
"17,02,2014",6.8
"18,02,2014",6.74
"19,02,2014",6.91
"20,02,2014",6.98
"21,02,2014",7.13
"24,02,2014",7
"25,02,2014",6.21
"26,02,2014",6.48
"27,02,2014",6.5
"28,02,2014",7.06
"03,03,2014",6.61
"04,03,2014",6.81
"05,03,2014",6.77
"06,03,2014",6.8
"07,03,2014",6.9
"10,03,2014",6.89
"11,03,2014",6.82
"12,03,2014",6.5
"13,03,2014",6.43
"14,03,2014",6.29
"17,03,2014",5.87
"18,03,2014",5.75
"19,03,2014",5.99
"20,03,2014",6.01
"21,03,2014",6.18
"24,03,2014",5.86
"25,03,2014",5.85
"26,03,2014",5.8
"27,03,2014",5.17
"28,03,2014",4.34
"31,03,2014",4.64
"01,04,2014",5.06
"02,04,2014",4.85
"03,04,2014",4.87
"04,04,2014",4.7
"07,04,2014",4.99
"08,04,2014",4.87
"09,04,2014",4.95
"10,04,2014",5.13
"11,04,2014",5.33
"14,04,2014",5.25
"15,04,2014",5.55
"16,04,2014",5.47
"17,04,2014",5.56
"21,04,2014",5.56
"22,04,2014",5.69
"23,04,2014",5.68
"24,04,2014",5.73
"25,04,2014",5.08
"28,04,2014",5.22
"29,04,2014",5.43
"30,04,2014",5.42
"01,05,2014",5.42
"02,05,2014",5.2
"05,05,2014",5.23
"06,05,2014",5.24
"07,05,2014",5.14
"08,05,2014",5.15
"09,05,2014",5.25
"12,05,2014",5.31
"13,05,2014",5.3
"14,05,2014",5.12
"15,05,2014",4.78
"16,05,2014",4.8
"19,05,2014",4.7
"20,05,2014",4.84
"21,05,2014",5.12
"22,05,2014",5.16
"23,05,2014",5.12
"26,05,2014",5.09
"27,05,2014",5.17
"28,05,2014",5.2
"29,05,2014",5.2
"30,05,2014",5.05
"02,06,2014",5.14
"03,06,2014",5.43
"04,06,2014",5.39
"05,06,2014",5.54
"06,06,2014",5.44
"09,06,2014",5.53
"10,06,2014",5.49
"11,06,2014",5.36
"12,06,2014",5.55
"13,06,2014",5.66
"16,06,2014",5.63
"17,06,2014",5.7
"18,06,2014",5.65
"19,06,2014",5.54
"20,06,2014",5.65
"23,06,2014",5.79
"24,06,2014",5.74
"25,06,2014",5.71
"26,06,2014",5.7
"27,06,2014",5.76
"30,06,2014",5.81
"01,07,2014",6.03
"02,07,2014",6.09
"03,07,2014",6.01
"04,07,2014",5.67
"07,07,2014",5.56
"08,07,2014",5.75
"09,07,2014",5.81
"10,07,2014",5.68
"11,07,2014",5.74
"14,07,2014",5.88
"15,07,2014",5.94
"16,07,2014",6.04
"17,07,2014",6.15
"18,07,2014",6
"21,07,2014",6.06
"22,07,2014",6.17
"23,07,2014",6.17
"24,07,2014",6.05
"25,07,2014",6.13
"28,07,2014",6.19
"29,07,2014",6.03
"30,07,2014",6.13
"31,07,2014",6.21
"01,08,2014",6.27
"04,08,2014",6.23
"05,08,2014",6.2
"06,08,2014",6.21
"07,08,2014",5.94
"08,08,2014",5.97
"11,08,2014",6.13
"12,08,2014",6.11
"13,08,2014",6.23
"14,08,2014",6.23
"15,08,2014",6.38
"18,08,2014",6.34
"19,08,2014",6.43
"20,08,2014",6.41
"21,08,2014",6.34
"22,08,2014",6.35
"25,08,2014",6.32
"26,08,2014",6.29
"27,08,2014",6.35
"28,08,2014",6.43
"29,08,2014",6.38
"01,09,2014",6.39
"02,09,2014",6.38
"03,09,2014",6.32
"04,09,2014",6.11
"05,09,2014",6.26
"08,09,2014",6.27
"09,09,2014",6.12
"10,09,2014",6.08
"11,09,2014",6.1
"12,09,2014",6.04
"15,09,2014",5.91
"16,09,2014",5.79
"17,09,2014",5.88
"18,09,2014",5.97
"19,09,2014",6.01
"22,09,2014",5.98
"23,09,2014",5.65
"24,09,2014",5.8
"25,09,2014",5.8
"26,09,2014",5.91
"29,09,2014",5.75
"30,09,2014",5.84
"01,10,2014",5.81
"02,10,2014",5.69
"03,10,2014",5.68
"06,10,2014",5.68
"07,10,2014",5.73
"08,10,2014",6.05
"09,10,2014",6.12
"10,10,2014",6.04
"13,10,2014",6.06
"14,10,2014",6.08
"15,10,2014",6.15
"16,10,2014",6.21
"17,10,2014",6.13
"20,10,2014",6.14
"21,10,2014",6.18
"22,10,2014",6.23
"23,10,2014",6.34
"24,10,2014",6.41
"27,10,2014",6.29
"28,10,2014",6.16
"29,10,2014",6.42
"30,10,2014",6.42
"31,10,2014",6.35
"03,11,2014",6.58
"04,11,2014",6.49
"05,11,2014",6.65
"06,11,2014",6.63
"07,11,2014",6.76
"10,11,2014",6.72
"11,11,2014",6.8
"12,11,2014",6.85
"13,11,2014",6.79
"14,11,2014",6.62
"17,11,2014",6.9
"18,11,2014",7.02
"19,11,2014",7.04
"20,11,2014",6.96
"21,11,2014",7
"24,11,2014",7.05
"25,11,2014",7.12
"26,11,2014",7.19
"27,11,2014",7.09
"28,11,2014",7.04
"01,12,2014",7.07
"02,12,2014",6.85
"03,12,2014",6.89
"04,12,2014",6.84
"05,12,2014",6.66
"08,12,2014",6.66
"09,12,2014",6.74
"10,12,2014",6.56
"11,12,2014",6.74
"12,12,2014",6.66
"15,12,2014",6.89
"16,12,2014",6.93
"17,12,2014",7.01
"18,12,2014",7.06
"19,12,2014",7.1
"22,12,2014",7.13
"23,12,2014",7.27
"24,12,2014",7.39
"26,12,2014",7.39
"29,12,2014",7.27
"30,12,2014",7.23
"31,12,2014",7.27
"02,01,2015",7.03
"05,01,2015",6.93
"06,01,2015",6.8
"07,01,2015",6.81
"08,01,2015",6.84
"09,01,2015",6.74
"12,01,2015",6.74
"13,01,2015",7.32
"14,01,2015",7.19
"15,01,2015",7.15
"16,01,2015",7.16
"19,01,2015",7.24
"20,01,2015",7.19
"21,01,2015",7.35
"22,01,2015",6.78
"23,01,2015",6.82
"26,01,2015",6.87
"27,01,2015",6.85
"28,01,2015",6.96
"29,01,2015",7.07
"30,01,2015",7.09
"02,02,2015",7.14
"03,02,2015",7.07
"04,02,2015",6.94
"05,02,2015",7.01
"06,02,2015",6.96
"09,02,2015",6.93
"10,02,2015",7.12
"11,02,2015",7.25
"12,02,2015",7.41
"13,02,2015",7.65
"16,02,2015",7.66
"17,02,2015",7.48
"18,02,2015",7.5
"19,02,2015",7.35
"20,02,2015",7.33
"23,02,2015",7.71
"24,02,2015",7.47
"25,02,2015",7.39
"26,02,2015",7.06
"27,02,2015",7.1
"02,03,2015",6.95
"03,03,2015",6.73
"04,03,2015",7.02
"05,03,2015",6.75
"06,03,2015",6.8
"09,03,2015",6.68
"10,03,2015",6.82
"11,03,2015",6.76
"12,03,2015",6.41
"13,03,2015",6.46
"16,03,2015",6.49
"17,03,2015",6.73
"18,03,2015",6.74
"19,03,2015",6.67
"20,03,2015",7.04
"23,03,2015",7.04
"24,03,2015",7.05
"25,03,2015",6.99
"26,03,2015",6.97
"27,03,2015",6.78
"30,03,2015",6.9
"31,03,2015",6.94
"01,04,2015",7.16
"02,04,2015",7.17
"06,04,2015",7.17
"07,04,2015",7.13
"08,04,2015",7.14
"09,04,2015",7.03
"10,04,2015",6.96
"13,04,2015",6.81
"14,04,2015",6.81
"15,04,2015",6.86
"16,04,2015",6.88
"17,04,2015",6.85
"20,04,2015",7.14
"21,04,2015",7.09
"22,04,2015",7.1
"23,04,2015",7.27
"24,04,2015",7.3
"27,04,2015",7.17
"28,04,2015",7.36
"29,04,2015",7.47
"30,04,2015",7.4
"01,05,2015",7.49
"04,05,2015",7.59
"05,05,2015",7.56
"06,05,2015",7.54
"07,05,2015",7.44
"08,05,2015",7.54
"11,05,2015",7.63
"12,05,2015",7.6
"13,05,2015",7.65
"14,05,2015",7.56
"15,05,2015",7.59
"18,05,2015",7.6
"19,05,2015",7.37
"20,05,2015",7.35
"21,05,2015",7.3
"22,05,2015",7.3
"25,05,2015",7.36
"26,05,2015",7.22
"27,05,2015",7.17
"28,05,2015",7.18
"29,05,2015",7.32
"01,06,2015",7.24
"02,06,2015",7.44
"03,06,2015",7.48
"04,06,2015",7.39
"05,06,2015",7.4
"08,06,2015",7.44
"09,06,2015",7.56
"10,06,2015",7.58
"11,06,2015",7.5
"12,06,2015",7.61
"15,06,2015",7.51
"16,06,2015",7.41
"17,06,2015",7.46
"18,06,2015",7.45
"19,06,2015",7.41
"22,06,2015",7.46
"23,06,2015",7.48
"24,06,2015",7.48
"25,06,2015",7.58
"26,06,2015",7.52
"29,06,2015",7.33
"30,06,2015",7.44
"01,07,2015",7.48
"02,07,2015",7.44
"03,07,2015",7.43
"06,07,2015",7.37
"07,07,2015",7.46
"08,07,2015",7.45
"09,07,2015",7.48
"10,07,2015",7.61
"13,07,2015",7.78
"14,07,2015",7.72
"15,07,2015",7.75
"16,07,2015",7.65
"17,07,2015",7.73
"20,07,2015",7.97
"21,07,2015",7.95
"22,07,2015",7.95
"23,07,2015",8.07
"24,07,2015",8
"27,07,2015",8.01
"28,07,2015",8.01
"29,07,2015",8.05
"30,07,2015",7.87
"31,07,2015",7.86
"03,08,2015",7.94
"04,08,2015",7.89
"05,08,2015",7.82
"06,08,2015",7.83
"07,08,2015",7.77
"10,08,2015",7.91
"11,08,2015",8.08
"12,08,2015",8.18
"13,08,2015",8.18
"14,08,2015",8.31
"17,08,2015",8.23
"18,08,2015",8.26
"19,08,2015",8.33
"20,08,2015",8.35
"21,08,2015",8.19
"24,08,2015",8.16
"25,08,2015",8.23
"26,08,2015",8.08
"27,08,2015",8.03
"28,08,2015",8.09
"31,08,2015",8.05
"01,09,2015",7.99
"02,09,2015",8.1
"03,09,2015",8.15
"04,09,2015",8.07
"07,09,2015",8.06
"08,09,2015",8.22
"09,09,2015",8.25
"10,09,2015",8.26
"11,09,2015",8.24
"14,09,2015",8.21
"15,09,2015",8.15
"16,09,2015",8.21
"17,09,2015",8.21
"18,09,2015",8.09
"21,09,2015",7.96
"22,09,2015",8
"23,09,2015",8.05
"24,09,2015",7.99
"25,09,2015",7.98
"28,09,2015",7.9
"29,09,2015",7.98
"30,09,2015",8.15
"01,10,2015",8.17
"02,10,2015",8.15
"05,10,2015",8.21
"06,10,2015",8.22
"07,10,2015",8.11
"08,10,2015",8.13
"09,10,2015",8.35
"12,10,2015",8.3
"13,10,2015",8.33
"14,10,2015",8.44
"15,10,2015",8.43
"16,10,2015",8.39
"19,10,2015",8.35
"20,10,2015",8.47
"21,10,2015",8.45
"22,10,2015",8.48
"23,10,2015",8.63
"26,10,2015",8.66
"27,10,2015",8.61
"28,10,2015",8.57
"29,10,2015",8.68
"30,10,2015",8.64
"02,11,2015",8.6
"03,11,2015",8.45
"04,11,2015",8.4
"05,11,2015",8.47
"06,11,2015",8.41
"09,11,2015",8.32
"10,11,2015",8.44
"11,11,2015",8.44
"12,11,2015",8.37
"13,11,2015",8.39
"16,11,2015",8.53
"17,11,2015",8.61
"18,11,2015",8.58
"19,11,2015",8.63
"20,11,2015",8.51
"23,11,2015",8.56
"24,11,2015",8.65
"25,11,2015",8.62
"26,11,2015",8.58
"27,11,2015",8.58
"30,11,2015",8.58
"01,12,2015",8.56
"02,12,2015",8.48
"03,12,2015",8.59
"04,12,2015",8.52
"07,12,2015",8.41
"08,12,2015",8.41
"09,12,2015",8.4
"10,12,2015",8.36
"11,12,2015",8.07
"14,12,2015",8.07
"15,12,2015",8.21
"16,12,2015",8.16
"17,12,2015",8.1
"18,12,2015",8.09
"21,12,2015",8.22
"22,12,2015",8.28
"23,12,2015",8.25
"24,12,2015",8.21
"28,12,2015",8.33
"29,12,2015",8.3
"30,12,2015",8.24
"31,12,2015",8.25
"04,01,2016",8.07
"05,01,2016",8.02
"06,01,2016",7.77
"07,01,2016",7.56
"08,01,2016",7.42
"11,01,2016",7.14
"12,01,2016",7.11
"13,01,2016",7.25
"14,01,2016",7.1
"15,01,2016",6.68
"18,01,2016",6.73
"19,01,2016",6.82
"20,01,2016",6.32
"21,01,2016",6.18
"22,01,2016",6.33
"25,01,2016",5.88
"26,01,2016",6.08
"27,01,2016",5.91
"28,01,2016",6.07
"29,01,2016",6.05
"01,02,2016",5.69
"02,02,2016",5.82
"03,02,2016",5.62
"04,02,2016",5.6
"05,02,2016",5.54
"08,02,2016",5.23
"09,02,2016",4.95
"10,02,2016",4.87
"11,02,2016",4.73
"12,02,2016",5.05
"15,02,2016",4.79
"16,02,2016",4.68
"17,02,2016",5.08
"18,02,2016",5.25
"19,02,2016",5.16
"22,02,2016",5.41
"23,02,2016",4.9
"24,02,2016",4.86
"25,02,2016",5.07
"26,02,2016",4.99
"29,02,2016",5
"01,03,2016",4.99
"02,03,2016",4.95
"03,03,2016",4.88
"04,03,2016",4.92
"07,03,2016",5.09
"08,03,2016",5.01
"09,03,2016",5.07
"10,03,2016",4.9
"11,03,2016",4.98
"14,03,2016",4.85
"15,03,2016",4.85
"16,03,2016",4.95
"17,03,2016",4.99
"18,03,2016",4.93
"21,03,2016",4.86
"22,03,2016",4.81
"23,03,2016",4.79
"24,03,2016",4.84
"28,03,2016",4.84
"29,03,2016",4.77
"30,03,2016",4.95
"31,03,2016",5.2
"01,04,2016",5.16
"04,04,2016",5.32
"05,04,2016",5.23
"06,04,2016",5.3
"07,04,2016",5.27
"08,04,2016",5.41
"11,04,2016",5.57
"12,04,2016",5.58
"13,04,2016",5.53
"14,04,2016",5.6
"15,04,2016",5.47
"18,04,2016",5.46
"19,04,2016",5.56
"20,04,2016",5.54
"21,04,2016",5.74
"22,04,2016",5.96
"25,04,2016",5.89
"26,04,2016",6.61
"27,04,2016",6.83
"28,04,2016",6.33
"29,04,2016",6.17
"02,05,2016",6.1
"03,05,2016",5.98
"04,05,2016",6.12
"05,05,2016",6.19
"06,05,2016",5.85
"09,05,2016",5.69
"10,05,2016",5.89
"11,05,2016",6.01
"12,05,2016",5.8
"13,05,2016",5.84
"16,05,2016",6.1
"17,05,2016",6.04
"18,05,2016",6.05
"19,05,2016",5.98
"20,05,2016",5.95
"23,05,2016",5.72
"24,05,2016",5.78
"25,05,2016",5.85
"26,05,2016",6.01
"27,05,2016",6.02
"30,05,2016",6.1
"31,05,2016",6.08
"01,06,2016",5.95
"02,06,2016",6.01
"03,06,2016",5.93
"06,06,2016",6.19
"07,06,2016",6.1
"08,06,2016",6.09
"09,06,2016",6.1
"10,06,2016",5.94
"13,06,2016",5.84
"14,06,2016",5.84
"15,06,2016",5.89
"16,06,2016",5.7
"17,06,2016",5.66
"20,06,2016",5.84
"21,06,2016",5.54
"22,06,2016",5.67
"23,06,2016",5.63
"24,06,2016",4.95
"27,06,2016",4.76
"28,06,2016",4.69
"29,06,2016",4.52
"30,06,2016",4.47
"01,07,2016",4.62
"04,07,2016",4.97
"05,07,2016",4.71
"06,07,2016",4.59
"07,07,2016",4.58
"08,07,2016",4.55
"11,07,2016",4.43
"12,07,2016",4.63
"13,07,2016",4.79
"14,07,2016",4.78
"15,07,2016",4.93
"18,07,2016",4.85
"19,07,2016",4.67
"20,07,2016",4.69
"21,07,2016",4.65
"22,07,2016",4.56
"25,07,2016",4.59
"26,07,2016",4.51
"27,07,2016",4.53
"28,07,2016",4.48
"29,07,2016",4.42
"01,08,2016",4.37
"02,08,2016",4.41
"03,08,2016",4.63
"04,08,2016",4.69
"05,08,2016",4.72
"08,08,2016",4.94
"09,08,2016",4.87
"10,08,2016",4.76
"11,08,2016",4.87
"12,08,2016",4.89
"15,08,2016",4.8
"16,08,2016",4.69
"17,08,2016",4.48
"18,08,2016",4.68
"19,08,2016",4.76
"22,08,2016",4.89
"23,08,2016",4.7
"24,08,2016",4.6
"25,08,2016",4.7
"26,08,2016",4.69
"29,08,2016",4.69
"30,08,2016",4.54
"31,08,2016",4.46
"01,09,2016",4.37
"02,09,2016",4.08
"05,09,2016",3.93
"06,09,2016",4.13
"07,09,2016",4.01
"08,09,2016",4.08
"09,09,2016",4.08
"12,09,2016",4.03
"13,09,2016",4.02
"14,09,2016",3.98
"15,09,2016",4.14
"16,09,2016",4.36
"19,09,2016",4.4
"20,09,2016",4.16
"21,09,2016",4.21
"22,09,2016",4.42
"23,09,2016",4.54
"26,09,2016",4.62
"27,09,2016",4.43
"28,09,2016",4.95
"29,09,2016",5.02
"30,09,2016",4.96
"03,10,2016",5.31
"04,10,2016",5.21
"05,10,2016",5.48
"06,10,2016",5.86
"07,10,2016",5.69
"10,10,2016",5.66
"11,10,2016",5.43
"12,10,2016",5.52
"13,10,2016",5.65
"14,10,2016",5.81
"17,10,2016",5.87
"18,10,2016",5.95
"19,10,2016",5.67
"20,10,2016",5.58
"21,10,2016",5.89
"24,10,2016",5.81
"25,10,2016",5.81
"26,10,2016",5.94
"27,10,2016",5.81
"28,10,2016",5.88
"31,10,2016",5.9
"01,11,2016",6.03
"02,11,2016",6.24
"03,11,2016",6.5
"04,11,2016",6.41
"07,11,2016",6.23
"08,11,2016",6.15
"09,11,2016",6.13
"10,11,2016",5.92
"11,11,2016",5.67
"14,11,2016",5.41
"15,11,2016",5.74
"16,11,2016",5.55
"17,11,2016",5.9
"18,11,2016",5.58
"21,11,2016",5.48
"22,11,2016",5.51
"23,11,2016",5.39
"24,11,2016",5.34
"25,11,2016",5
"28,11,2016",4.74
"29,11,2016",4.56
"30,11,2016",4.58
"01,12,2016",4.46
"02,12,2016",4.3
"05,12,2016",4.37
"06,12,2016",4.5
"07,12,2016",4.3
"08,12,2016",4.61
"09,12,2016",4.46
"12,12,2016",4.87
"13,12,2016",4.79
"14,12,2016",5.01
"15,12,2016",4.84
"16,12,2016",4.93
"19,12,2016",5.09
"20,12,2016",5.24
"21,12,2016",5.81
"22,12,2016",6.08
"23,12,2016",6.23
"27,12,2016",6.33
"28,12,2016",6.33
"29,12,2016",6.36
"30,12,2016",6.55
"02,01,2017",6.12
"03,01,2017",5.43
"04,01,2017",5.72
"05,01,2017",5.29
"06,01,2017",5.05
"09,01,2017",5.27
"10,01,2017",5.51
"11,01,2017",5.52
"12,01,2017",5.04
"13,01,2017",5.04
"16,01,2017",4.7
"17,01,2017",5
"18,01,2017",4.84
"19,01,2017",5.2
"20,01,2017",5.42
"23,01,2017",5.31
"24,01,2017",5.07
"25,01,2017",4.97
"26,01,2017",5.19
"27,01,2017",4.92
"30,01,2017",5.16
"31,01,2017",5.35
"01,02,2017",5.27
"02,02,2017",5.22
"03,02,2017",5.15
"06,02,2017",5.09
"07,02,2017",5.16
"08,02,2017",5.21
"09,02,2017",5.28
"10,02,2017",5.12
"13,02,2017",4.9
"14,02,2017",5.13
"15,02,2017",5.06
"16,02,2017",4.93
"17,02,2017",4.97
"20,02,2017",5.08
"21,02,2017",5.04
"22,02,2017",5.06
"23,02,2017",5.34
"24,02,2017",5.38
"27,02,2017",5.19
"28,02,2017",5.23
"01,03,2017",5.9
"02,03,2017",5.46
"03,03,2017",5.59
"06,03,2017",5.48
"07,03,2017",5.37
"08,03,2017",5.23
"09,03,2017",5.12
"10,03,2017",5.16
"13,03,2017",5.15
"14,03,2017",5.1
"15,03,2017",5.19
"16,03,2017",5.14
"17,03,2017",5.13
"20,03,2017",4.99
"21,03,2017",4.93
"22,03,2017",4.96
"23,03,2017",4.97
"24,03,2017",4.76
"27,03,2017",4.62
"28,03,2017",4.74
"29,03,2017",4.76
"30,03,2017",4.92
"31,03,2017",4.69
"03,04,2017",4.87
"04,04,2017",4.65
"05,04,2017",4.82
"06,04,2017",5.06
"07,04,2017",4.89
"10,04,2017",4.79
"11,04,2017",4.87
"12,04,2017",4.93
"13,04,2017",4.95
"17,04,2017",4.95
"18,04,2017",4.86
"19,04,2017",4.83
"20,04,2017",4.75
"21,04,2017",4.57
"24,04,2017",4.64
"25,04,2017",4.5
"26,04,2017",4.61
"27,04,2017",4.55
"28,04,2017",4.57
"01,05,2017",4.57
"02,05,2017",4.45
"03,05,2017",4.4
"04,05,2017",4.52
"05,05,2017",4.58
"08,05,2017",4.42
"09,05,2017",4.52
"10,05,2017",4.45
"11,05,2017",4.35
"12,05,2017",4.46
"15,05,2017",4.39
"16,05,2017",4.54
"17,05,2017",4.58
"18,05,2017",4.76
"19,05,2017",4.85
"22,05,2017",4.9
"23,05,2017",4.75
"24,05,2017",4.91
"25,05,2017",4.98
"26,05,2017",5.19
"29,05,2017",5.17
"30,05,2017",5.14
"31,05,2017",4.98
"01,06,2017",5.08
"02,06,2017",5.16
"05,06,2017",5.17
"06,06,2017",4.97
"07,06,2017",4.87
"08,06,2017",5.04
"09,06,2017",5.04
"12,06,2017",4.91
"13,06,2017",5
"14,06,2017",4.93
"15,06,2017",4.95
"16,06,2017",4.87
"19,06,2017",4.92
"20,06,2017",4.94
"21,06,2017",4.87
"22,06,2017",4.86
"23,06,2017",4.86
"26,06,2017",4.77
"27,06,2017",4.93
"28,06,2017",4.93
"29,06,2017",5.06
"30,06,2017",5.02
"03,07,2017",5.13
"04,07,2017",5.11
"05,07,2017",5.04
"06,07,2017",5.23
"07,07,2017",5.33
"10,07,2017",5.39
"11,07,2017",5.32
"12,07,2017",5.47
"13,07,2017",5.35
"14,07,2017",5.41
"17,07,2017",5.43
"18,07,2017",5.45
"19,07,2017",5.38
"20,07,2017",5.29
"21,07,2017",5.08
"24,07,2017",5.13
"25,07,2017",5.15
"26,07,2017",5.24
"27,07,2017",5.13
"28,07,2017",5.17
"31,07,2017",5.22
"01,08,2017",5.29
"02,08,2017",5.42
"03,08,2017",5.42
"04,08,2017",5.34
"07,08,2017",5.26
"08,08,2017",5.26
"09,08,2017",5.36
"10,08,2017",5.36
"11,08,2017",5.38
"14,08,2017",5.51
"15,08,2017",5.52
"16,08,2017",5.79
"17,08,2017",5.8
"18,08,2017",5.81
"21,08,2017",5.74
"22,08,2017",5.77
"23,08,2017",5.94
"24,08,2017",5.94
"25,08,2017",6.08
"28,08,2017",6.09
"29,08,2017",6.03
"30,08,2017",6.02
"31,08,2017",5.93
"01,09,2017",5.82
"04,09,2017",5.91
"05,09,2017",6.49
"06,09,2017",6.69
"07,09,2017",6.89
"08,09,2017",7.06
"11,09,2017",6.87
"12,09,2017",6.86
"13,09,2017",7.09
"14,09,2017",7.09
"15,09,2017",6.94
"18,09,2017",6.72
"19,09,2017",7.02
"20,09,2017",6.9
"21,09,2017",6.55
"22,09,2017",6.64
"25,09,2017",7.27
"26,09,2017",6.98
"27,09,2017",6.93
"28,09,2017",6.96
"29,09,2017",7.07
"02,10,2017",6.94
"03,10,2017",7
"04,10,2017",6.9
"05,10,2017",6.89
"06,10,2017",7
"09,10,2017",6.96
"10,10,2017",7.39
"11,10,2017",7.38
"12,10,2017",7.41
"13,10,2017",7.32
"16,10,2017",7.36
"17,10,2017",7.42
"18,10,2017",7.81
"19,10,2017",7.65
"20,10,2017",7.57
"23,10,2017",7.44
"24,10,2017",7.47
"25,10,2017",7.4
"26,10,2017",7.2
"27,10,2017",7.17
"30,10,2017",7.14
"31,10,2017",7.37
"01,11,2017",7.51
"02,11,2017",7.66
"03,11,2017",7.88
"06,11,2017",7.92
"07,11,2017",7.75
"08,11,2017",7.72
"09,11,2017",7.55
"10,11,2017",7.4
"13,11,2017",7.35
"14,11,2017",7.39
"15,11,2017",7.69
"16,11,2017",7.5
"17,11,2017",7.48
"20,11,2017",7.44
"21,11,2017",7.39
"22,11,2017",7.37
"23,11,2017",7.66
"24,11,2017",7.77
"27,11,2017",7.7
"28,11,2017",7.59
"29,11,2017",7.7
"30,11,2017",7.53
"01,12,2017",7.68
"04,12,2017",7.55
"05,12,2017",7.43
"06,12,2017",7.27
"07,12,2017",7.35
"08,12,2017",7.14
"11,12,2017",7.2
"12,12,2017",7.14
"13,12,2017",7.07
"14,12,2017",7.09
"15,12,2017",7.18
"18,12,2017",7.39
"19,12,2017",7.52
"20,12,2017",7.79
"21,12,2017",8
"22,12,2017",8.16
"26,12,2017",8.16
"27,12,2017",8.14
"28,12,2017",8.18
"29,12,2017",8.15
"02,01,2018",7.78
"03,01,2018",7.81
"04,01,2018",7.75
"05,01,2018",7.76
"08,01,2018",7.64
"09,01,2018",7.76
"10,01,2018",7.87
"11,01,2018",7.8
"12,01,2018",7.84
"15,01,2018",7.78
"16,01,2018",8.03
"17,01,2018",8.16
"18,01,2018",8.47
"19,01,2018",8.74
"22,01,2018",8.73
"23,01,2018",8.99
"24,01,2018",9.43
"25,01,2018",9.22
"26,01,2018",9.07
"29,01,2018",8.98
"30,01,2018",8.86
"31,01,2018",9.26
"01,02,2018",9.25
"02,02,2018",8.94
"05,02,2018",9.05
"06,02,2018",8.78
"07,02,2018",8.97
"08,02,2018",9.1
"09,02,2018",9.21
"12,02,2018",9.46
"13,02,2018",9.87
"14,02,2018",9.58
"15,02,2018",9.52
"16,02,2018",9.5
"19,02,2018",9.86
"20,02,2018",9.7
"21,02,2018",9.54
"22,02,2018",9.7
"23,02,2018",9.79
"26,02,2018",9.61
"27,02,2018",10.13
"28,02,2018",10.08
"01,03,2018",9.97
"02,03,2018",10.12
"05,03,2018",10.34
"06,03,2018",10.45
"07,03,2018",10.62
"08,03,2018",11.1
"09,03,2018",11.1
"12,03,2018",11.06
"13,03,2018",11.38
"14,03,2018",11.16
"15,03,2018",11.16
"16,03,2018",11.15
"19,03,2018",11.04
"20,03,2018",11.52
"21,03,2018",12.62
"22,03,2018",12.31
"23,03,2018",12.58
"26,03,2018",12.96
"27,03,2018",13.65
"28,03,2018",12.96
"29,03,2018",13.26
"03,04,2018",13.27
"04,04,2018",13.03
"05,04,2018",12.61
"06,04,2018",12.96
"09,04,2018",13.3
"10,04,2018",13.35
"11,04,2018",13.4
"12,04,2018",13.56
"13,04,2018",13.91
"16,04,2018",13.97
"17,04,2018",13.71
"18,04,2018",13.86
"19,04,2018",13.43
"20,04,2018",13.02
"23,04,2018",12.86
"24,04,2018",13.2
"25,04,2018",13.23
"26,04,2018",13.46
"27,04,2018",13.53
"30,04,2018",13.56
"01,05,2018",13.35
"02,05,2018",13.02
"03,05,2018",12.92
"04,05,2018",12.98
"07,05,2018",13.58
"08,05,2018",13.56
"09,05,2018",13.96
"10,05,2018",14.57
"11,05,2018",14.6
"14,05,2018",14.6
"15,05,2018",14.29
"16,05,2018",15.15
"17,05,2018",15.27
"18,05,2018",15.22
"21,05,2018",15.53
"22,05,2018",15.92
"23,05,2018",15.98
"24,05,2018",16.26
"25,05,2018",15.97
"28,05,2018",16.28
"29,05,2018",16.27
"30,05,2018",15.81
"31,05,2018",14.88
"01,06,2018",15.26
"04,06,2018",16.1
"05,06,2018",15.74
"06,06,2018",15.9
"07,06,2018",15.97
"08,06,2018",15.79
"11,06,2018",15.46
"12,06,2018",15.12
"13,06,2018",15.28
"14,06,2018",14.88
"15,06,2018",14.5
"18,06,2018",14.57
"19,06,2018",14.21
"20,06,2018",14.47
"21,06,2018",14.78
"22,06,2018",15.09
"25,06,2018",14.99
"26,06,2018",15.01
"27,06,2018",15.24
"28,06,2018",14.99
"29,06,2018",14.98
"02,07,2018",15.06
"03,07,2018",15.09
"04,07,2018",15.51
"05,07,2018",15.67
"06,07,2018",15.69
"09,07,2018",15.99
"10,07,2018",16.04
"11,07,2018",16.31
"12,07,2018",16.08
"13,07,2018",16.05
"16,07,2018",15.92
"17,07,2018",16.07
"18,07,2018",16.4
"19,07,2018",16.85
"20,07,2018",17.06
"23,07,2018",17.38
"24,07,2018",17.09
"25,07,2018",17.33
"26,07,2018",17.28
"27,07,2018",17.11
"30,07,2018",17.03
"31,07,2018",17.38
"01,08,2018",17.76
"02,08,2018",17.61
"03,08,2018",17.65
"06,08,2018",17.55
"07,08,2018",17.49
"08,08,2018",17.38
"09,08,2018",17.58
"10,08,2018",17.87
"13,08,2018",18.04
"14,08,2018",18.14
"15,08,2018",18.07
"16,08,2018",17.97
"17,08,2018",18.12
"20,08,2018",18.47
"21,08,2018",19.29
"22,08,2018",19.78
"23,08,2018",20.36
"24,08,2018",20.65
"27,08,2018",21.28
"28,08,2018",20.65
"29,08,2018",21.02
"30,08,2018",21.13
"31,08,2018",21.06
"03,09,2018",20.12
"04,09,2018",20.14
"05,09,2018",20.34
"06,09,2018",21.44
"07,09,2018",23.19
"10,09,2018",25.19
"11,09,2018",24.13
"12,09,2018",22.92
"13,09,2018",18.87
"14,09,2018",19.94
"17,09,2018",20.9
"18,09,2018",20.19
"19,09,2018",21.43
"20,09,2018",21.98
"21,09,2018",22.08
"24,09,2018",22.37
"25,09,2018",21.25
"26,09,2018",20.24
"27,09,2018",20.83
"28,09,2018",21.21
"01,10,2018",21.37
"02,10,2018",20.98
"03,10,2018",21.18
"04,10,2018",21.34
"05,10,2018",22.16
"08,10,2018",21.94
"09,10,2018",20.79
"10,10,2018",19.46
"11,10,2018",19.87
"12,10,2018",20.37
"15,10,2018",18.58
"16,10,2018",19.29
"17,10,2018",19.27
"18,10,2018",19.74
"19,10,2018",19.71
"22,10,2018",19
"23,10,2018",19.23
"24,10,2018",19.61
"25,10,2018",19.08
"26,10,2018",18.28
"29,10,2018",16.68
"30,10,2018",16.02
"31,10,2018",16.36
"01,11,2018",15.62
"02,11,2018",17.08
"05,11,2018",17.23
"06,11,2018",17.57
"07,11,2018",18.62
"08,11,2018",19.56
"09,11,2018",19.5
"12,11,2018",20.5
"13,11,2018",20.14
"14,11,2018",19.73
"15,11,2018",19
"16,11,2018",19.11
"19,11,2018",18.93
"20,11,2018",19.46
"21,11,2018",20.49
"22,11,2018",20.92
"23,11,2018",20.21
"26,11,2018",19.83
"27,11,2018",19.6
"28,11,2018",19.29
"29,11,2018",20.02
"30,11,2018",20.5
"03,12,2018",20.63
"04,12,2018",20.73
"05,12,2018",19.67
"06,12,2018",19.99
"07,12,2018",20.29
"10,12,2018",20.86
"11,12,2018",20.16
"12,12,2018",21.47
"13,12,2018",22.32
"14,12,2018",23.37
"17,12,2018",24.26
"18,12,2018",24.09
"19,12,2018",24.38
"20,12,2018",24.23
"21,12,2018",24.65
"24,12,2018",24.9
"26,12,2018",24.9
"27,12,2018",24.73
"28,12,2018",24.7
"31,12,2018",24.73
"02,01,2019",25.06
"03,01,2019",23.08
"04,01,2019",23.54
"07,01,2019",22.09
"08,01,2019",22.68
"09,01,2019",21.87
"10,01,2019",21.95
"11,01,2019",22.6
"14,01,2019",22.41
"15,01,2019",22.49
"16,01,2019",23.25
"17,01,2019",23.51
"18,01,2019",24.69
"21,01,2019",24.3
"22,01,2019",25.03
"23,01,2019",24.55
"24,01,2019",23.9
"25,01,2019",23.78
"28,01,2019",22.62
"29,01,2019",23.24
"30,01,2019",22.91
"31,01,2019",22.16
"01,02,2019",21.85
"04,02,2019",22.92
"05,02,2019",23.03
"06,02,2019",23.56
"07,02,2019",23.34
"08,02,2019",22.24
"11,02,2019",22.27
"12,02,2019",20.58
"13,02,2019",20.83
"14,02,2019",19.68
"15,02,2019",20.31
"18,02,2019",19.9
"19,02,2019",20.1
"20,02,2019",20.37
"21,02,2019",18.71
"22,02,2019",18.85
"25,02,2019",19.15
"26,02,2019",19.56
"27,02,2019",21.17
"28,02,2019",21.59
"01,03,2019",22.18
"04,03,2019",23.03
"05,03,2019",22.83
"06,03,2019",22.04
"07,03,2019",23.17
"08,03,2019",22.91
"11,03,2019",22.18
"12,03,2019",22.22
"13,03,2019",22.17
"14,03,2019",22.63
"15,03,2019",22.36
"18,03,2019",21.71
"19,03,2019",21.01
"20,03,2019",21.53
"21,03,2019",20.83
"22,03,2019",20.56
"25,03,2019",20.83
"26,03,2019",21.47
"27,03,2019",21.78
"28,03,2019",22.19
"29,03,2019",21.47
"01,04,2019",21.85
"02,04,2019",21.95
"03,04,2019",23.1
"04,04,2019",24.38
"05,04,2019",24.54
"08,04,2019",24.25
"09,04,2019",25.47
"10,04,2019",26.07
"11,04,2019",27.26
"12,04,2019",26.52
"15,04,2019",26.75
"16,04,2019",26.94
"17,04,2019",27.4
"18,04,2019",26.83
"22,04,2019",26.83
"23,04,2019",27.47
"24,04,2019",27.34
"25,04,2019",27.21
"26,04,2019",25.78
"29,04,2019",26.31
"30,04,2019",26.22
"01,05,2019",25.71
"02,05,2019",24.63
"03,05,2019",25.13
"06,05,2019",25.26
"07,05,2019",26.33
"08,05,2019",26.83
"09,05,2019",26.43
"10,05,2019",25.55
"13,05,2019",24.96
"14,05,2019",25.82
"15,05,2019",25.9
"16,05,2019",25.5
"17,05,2019",24.93
"20,05,2019",25.13
"21,05,2019",25.32
"22,05,2019",26.3
"23,05,2019",25.99
"24,05,2019",25.4
"27,05,2019",25.51
"28,05,2019",25.4
"29,05,2019",25.45
"30,05,2019",25.22
"31,05,2019",24.39
"03,06,2019",23.67
"04,06,2019",24.49
"05,06,2019",24.18
"06,06,2019",23.91
"07,06,2019",24.44
"10,06,2019",25.13
"11,06,2019",24.91
"12,06,2019",24.75
"13,06,2019",24.9
"14,06,2019",24.99
"17,06,2019",24.96
"18,06,2019",25.05
"19,06,2019",24.89
"20,06,2019",25.03
"21,06,2019",25.24
"24,06,2019",26.31
"25,06,2019",26.39
"26,06,2019",27.37
"27,06,2019",26.87
"28,06,2019",26.26
"01,07,2019",26.89
"02,07,2019",26.69
"03,07,2019",26.48
"04,07,2019",25.98
"05,07,2019",26.35
"08,07,2019",26.78
"09,07,2019",26.53
"10,07,2019",28.16
"11,07,2019",28.26
"12,07,2019",28.76
"15,07,2019",29.02
"16,07,2019",28.44
"17,07,2019",28.43
"18,07,2019",27.74
"19,07,2019",28.85
"22,07,2019",28.96
"23,07,2019",29.78
"24,07,2019",29.16
"25,07,2019",28.99
"26,07,2019",28.26
"29,07,2019",28.39
"30,07,2019",27.87
"31,07,2019",27.95
"01,08,2019",29.42
"02,08,2019",29.23
"05,08,2019",28.67
"06,08,2019",28.38
"07,08,2019",28.25
"08,08,2019",28.51
"09,08,2019",28.1
"12,08,2019",26.68
"13,08,2019",27.08
"14,08,2019",26.89
"15,08,2019",25.97
"16,08,2019",25.95
"19,08,2019",26.55
"20,08,2019",26.24
"21,08,2019",26.01
"22,08,2019",25.65
"23,08,2019",25.08
"26,08,2019",25.82
"27,08,2019",25.4
"28,08,2019",26
"29,08,2019",26.45
"30,08,2019",26.31
"02,09,2019",25.18
"03,09,2019",25.22
"04,09,2019",25.52
"05,09,2019",25.53
"06,09,2019",25.08
"09,09,2019",25.01
"10,09,2019",26.72
"11,09,2019",26.27
"12,09,2019",26.43
"13,09,2019",26.37
"16,09,2019",27.02
"17,09,2019",26.2
"18,09,2019",25.44
"19,09,2019",25.94
"20,09,2019",26.51
"23,09,2019",25.78
"24,09,2019",25.52
"25,09,2019",25.19
"26,09,2019",25.62
"27,09,2019",25.29
"30,09,2019",24.72
"01,10,2019",25.04
"02,10,2019",24.19
"03,10,2019",23.24
"04,10,2019",22.94
"07,10,2019",23.41
"08,10,2019",22.53
"09,10,2019",22.65
"10,10,2019",23.26
"11,10,2019",24.44
"14,10,2019",24.15
"15,10,2019",25.71
"16,10,2019",26.3
"17,10,2019",26.06
"18,10,2019",25.88
"21,10,2019",25.93
"22,10,2019",25.66
"23,10,2019",24.75
"24,10,2019",25.44
"25,10,2019",24.97
"28,10,2019",25.12
"29,10,2019",25.45
"30,10,2019",26
"31,10,2019",25.61
"01,11,2019",25.29
"04,11,2019",25.63
"05,11,2019",25.51
"06,11,2019",24.79
"07,11,2019",24.94
"08,11,2019",24.84
"11,11,2019",24.93
"12,11,2019",24.12
"13,11,2019",24.39
"14,11,2019",23.96
"15,11,2019",23.85
"18,11,2019",23.39
"19,11,2019",23.44
"20,11,2019",24.03
"21,11,2019",23.94
"22,11,2019",24.58
"25,11,2019",24.44
"26,11,2019",24.38
"27,11,2019",25.11
"28,11,2019",25.01
"29,11,2019",25.22
"02,12,2019",24.33
"03,12,2019",24
"04,12,2019",24.74
"05,12,2019",24.69
"06,12,2019",24.94
"09,12,2019",25.13
"10,12,2019",24.94
"11,12,2019",24.48
"12,12,2019",25.07
"13,12,2019",24.02
"16,12,2019",24.86
"17,12,2019",25.95
"18,12,2019",26.47
"19,12,2019",26.74
"20,12,2019",26.56
"23,12,2019",26.43
"24,12,2019",25.97
"27,12,2019",26.59
"30,12,2019",24.97
"31,12,2019",24.52
"02,01,2020",24.28
"03,01,2020",24.9
"06,01,2020",24.15
"07,01,2020",24.47
"08,01,2020",23.97
"09,01,2020",24.58
"10,01,2020",24.12
"13,01,2020",24.06
"14,01,2020",23.77
"15,01,2020",24.43
"16,01,2020",24.77
"17,01,2020",25.36
"20,01,2020",25.11
"21,01,2020",24.85
"22,01,2020",24.94
"23,01,2020",24.63
"24,01,2020",24.3
"27,01,2020",24.52
"28,01,2020",24.58
"29,01,2020",23.92
"30,01,2020",23.67
"31,01,2020",23.82
"03,02,2020",23.15
"04,02,2020",23.3
"05,02,2020",23.71
"06,02,2020",23.5
"07,02,2020",23.26
"10,02,2020",23.11
"11,02,2020",23.25
"12,02,2020",23.83
"13,02,2020",24.35
"14,02,2020",24.24
"17,02,2020",25
"18,02,2020",25.09
"19,02,2020",25.66
"20,02,2020",25.59
"21,02,2020",25.56
"24,02,2020",24.53
"25,02,2020",24.14
"26,02,2020",24.22
"27,02,2020",23.56
"28,02,2020",23.57
"02,03,2020",23.49
"03,03,2020",23.33
"04,03,2020",23.8
"05,03,2020",23.77
"06,03,2020",23.39
"09,03,2020",23.25
"10,03,2020",24.07
"11,03,2020",23.89
"12,03,2020",22.49
"13,03,2020",21.89
"16,03,2020",19.41
"17,03,2020",18.25
"18,03,2020",15.24
"19,03,2020",16.31
"20,03,2020",16.04
"23,03,2020",15.45
"24,03,2020",16.7
"25,03,2020",17.41
"26,03,2020",17.22
"27,03,2020",16.26
"30,03,2020",16.93
"31,03,2020",17.59
"01,04,2020",17
"02,04,2020",17.99
"03,04,2020",17.89
"06,04,2020",20.33
"07,04,2020",20.44
"08,04,2020",21.06
"09,04,2020",21.01
"14,04,2020",19.76
"15,04,2020",19.2
"16,04,2020",20.89
"17,04,2020",21.64
"20,04,2020",21.32
"21,04,2020",19.79
"22,04,2020",20.59
"23,04,2020",20.97
"24,04,2020",20.68
"27,04,2020",20.22
"28,04,2020",20.15
"29,04,2020",20.13
"30,04,2020",19.51
"01,05,2020",18.91
"04,05,2020",19.29
"05,05,2020",19.03
"06,05,2020",18.94
"07,05,2020",19.48
"08,05,2020",19.29
"11,05,2020",19
"12,05,2020",18.46
"13,05,2020",18.6
"14,05,2020",18.77
"15,05,2020",19.11
"18,05,2020",20.28
"19,05,2020",19.9
"20,05,2020",21.19
"21,05,2020",21.12
"22,05,2020",21.33
"25,05,2020",21.54
"26,05,2020",21.53
"27,05,2020",21.26
"28,05,2020",21.19
"29,05,2020",21.33
"01,06,2020",20.9
"02,06,2020",22
"03,06,2020",22.01
"04,06,2020",22.14
"05,06,2020",23.17
"08,06,2020",22.65
"09,06,2020",22.42
"10,06,2020",22.85
"11,06,2020",22.21
"12,06,2020",21.93
"15,06,2020",22.1
"16,06,2020",22.72
"17,06,2020",22.69
"18,06,2020",24.4
"19,06,2020",24.09
"22,06,2020",24.46
"23,06,2020",25.35
"24,06,2020",25.33
"25,06,2020",25.11
"26,06,2020",24.66
"29,06,2020",26.55
"30,06,2020",26.95
"01,07,2020",27.69
"02,07,2020",27.35
"03,07,2020",27.89
"06,07,2020",29.68
"07,07,2020",29.36
"08,07,2020",29.29
"09,07,2020",28.58
"10,07,2020",28.98
"13,07,2020",29.31
"14,07,2020",29.6
"15,07,2020",28.81
"16,07,2020",26.54
"17,07,2020",27.75
"20,07,2020",26.1
"21,07,2020",26.55
"22,07,2020",26.57
"23,07,2020",27.27
"24,07,2020",26.31
"27,07,2020",24.95
"28,07,2020",25.69
"29,07,2020",26.14
"30,07,2020",25.5
"31,07,2020",26.23
"03,08,2020",26.07
"04,08,2020",26.78
"05,08,2020",26.73
"06,08,2020",26.35
"07,08,2020",26.38
"10,08,2020",26.68
"11,08,2020",26.16
"12,08,2020",25.94
"13,08,2020",25.4
"14,08,2020",25.44
"17,08,2020",26.26
"18,08,2020",26.51
"19,08,2020",26.2
"20,08,2020",25.88
"21,08,2020",25.63
"24,08,2020",27.46
"25,08,2020",28.59
"26,08,2020",28.6
"27,08,2020",28.35
"28,08,2020",29.5
"31,08,2020",28.64
"01,09,2020",27.72
"02,09,2020",28.21
"03,09,2020",28.72
"04,09,2020",27.34
"07,09,2020",27.04
"08,09,2020",26.78
"09,09,2020",27.19
"10,09,2020",28.4
"11,09,2020",28.24
"14,09,2020",30.44
"15,09,2020",29.76
"16,09,2020",29.96
"17,09,2020",28.41
"18,09,2020",27.97
"21,09,2020",26.38
"22,09,2020",27.83
"23,09,2020",26.48
"24,09,2020",26.77
"25,09,2020",26.15
"28,09,2020",27.69
"29,09,2020",26.79
"30,09,2020",26.93
"01,10,2020",26.51
"02,10,2020",27.03
"05,10,2020",26.94
"06,10,2020",26.79
"07,10,2020",26.9
"08,10,2020",26.34
"09,10,2020",25.71
"12,10,2020",25.87
"13,10,2020",25.22
"14,10,2020",25.75
"15,10,2020",24.96
"16,10,2020",24.89
"19,10,2020",24.98
"20,10,2020",24.41
"21,10,2020",23.56
"22,10,2020",24.18
"23,10,2020",25.49
"26,10,2020",23.85
"27,10,2020",24.07
"28,10,2020",23.03
"29,10,2020",23.67
"30,10,2020",23.71
"02,11,2020",23.67
"03,11,2020",24.39
"04,11,2020",25.11
"05,11,2020",25.98
"06,11,2020",25.42
"09,11,2020",26.55
"10,11,2020",26.23
"11,11,2020",26.13
"12,11,2020",25.92
"13,11,2020",26.28
"16,11,2020",27.39
"17,11,2020",26.64
"18,11,2020",27.19
"19,11,2020",26.35
"20,11,2020",26.74
"23,11,2020",27.25
"24,11,2020",27.63
"25,11,2020",27.62
"26,11,2020",28.1
"27,11,2020",28.13
"30,11,2020",29.14
"01,12,2020",28.86
"02,12,2020",29.55
"03,12,2020",29
"04,12,2020",30.11
"07,12,2020",29.62
"08,12,2020",29.57
"09,12,2020",29.7
"10,12,2020",30.9
"11,12,2020",30.52
"14,12,2020",30.81
"15,12,2020",32.05
"16,12,2020",31.66
"17,12,2020",31.83
"18,12,2020",30.96
"21,12,2020",30.77
"22,12,2020",31.03
"23,12,2020",31.79
"24,12,2020",32.06
"28,12,2020",33.29
"29,12,2020",32.89
"30,12,2020",32.08
"31,12,2020",32.59
"04,01,2021",33.58
"05,01,2021",32.87
"06,01,2021",33.53
"07,01,2021",34.66
"08,01,2021",34.82
"11,01,2021",34.43
"12,01,2021",34.56
"13,01,2021",33.55
"14,01,2021",33.43
"15,01,2021",31.65
"18,01,2021",31.54
"19,01,2021",33
"20,01,2021",32.82
"21,01,2021",34.03
"22,01,2021",34.17
"25,01,2021",33.1
"26,01,2021",33.29
"27,01,2021",33.22
"28,01,2021",33.89
"29,01,2021",32.89
"01,02,2021",32.81
"02,02,2021",34.93
"03,02,2021",37.39
"04,02,2021",37.23
"05,02,2021",38.15
"08,02,2021",38.56
"09,02,2021",38.21
"10,02,2021",39.28
"11,02,2021",38.71
"12,02,2021",39.97
"15,02,2021",39.47
"16,02,2021",38.81
"17,02,2021",38.04
"18,02,2021",38.27
"19,02,2021",37.36
"22,02,2021",37.91
"23,02,2021",38.61
"24,02,2021",39.09
"25,02,2021",38.2
"26,02,2021",37.23
"01,03,2021",37.07
"02,03,2021",38.29
"03,03,2021",37.41
"04,03,2021",38.1
"05,03,2021",38.96
"08,03,2021",39.07
"09,03,2021",40.58
"10,03,2021",41.47
"11,03,2021",41.85
"12,03,2021",42.77
"15,03,2021",42.29
"16,03,2021",41.47
"17,03,2021",42.86
"18,03,2021",42.28
"19,03,2021",41.84
"22,03,2021",42.72
"23,03,2021",41.35
"24,03,2021",41.53
"25,03,2021",40.29
"26,03,2021",41.66
"29,03,2021",41.78
"30,03,2021",41.98
"31,03,2021",42.48
"01,04,2021",42.4
"06,04,2021",44.17
"07,04,2021",43.79
"08,04,2021",43.41
"09,04,2021",43.58
"12,04,2021",44.42
"13,04,2021",43.79
"14,04,2021",43.76
"15,04,2021",44.1
"16,04,2021",44.35
"19,04,2021",44.28
"20,04,2021",44.82
"21,04,2021",45.83
"22,04,2021",47.02
"23,04,2021",46.88
"26,04,2021",47.13
"27,04,2021",47.21
"28,04,2021",47.7
"29,04,2021",47.93
"30,04,2021",48.75
"03,05,2021",49.33
"04,05,2021",48.52
"05,05,2021",49.35
"06,05,2021",49.84
"07,05,2021",50.35
"10,05,2021",52.12
"11,05,2021",52.92
"12,05,2021",55.17
"13,05,2021",54.35
"14,05,2021",56.49
"17,05,2021",56.17
"18,05,2021",52.92
"19,05,2021",49.57
"20,05,2021",52.59
"21,05,2021",51.66
"24,05,2021",52.69
"25,05,2021",53.24
"26,05,2021",53.59
"27,05,2021",51.76
"28,05,2021",50.95
"31,05,2021",51.62
"01,06,2021",52.32
"02,06,2021",51.32
"03,06,2021",50.17
"04,06,2021",49.9
"07,06,2021",51.39
"08,06,2021",52.09
"09,06,2021",53.43
"10,06,2021",53.7
"11,06,2021",52.59
"14,06,2021",52.81
"15,06,2021",51.31
"16,06,2021",51.25
"17,06,2021",50.82
"18,06,2021",51.81
"21,06,2021",52.33
"22,06,2021",53.31
"23,06,2021",54.57
"24,06,2021",54.99
"25,06,2021",54.95
"28,06,2021",55.4
"29,06,2021",55.58
"30,06,2021",56.31
"01,07,2021",57.58
"02,07,2021",57.29
"05,07,2021",57.81
"06,07,2021",53.96
"07,07,2021",52.56
"08,07,2021",52.29
"09,07,2021",54.2
"12,07,2021",51.65
"13,07,2021",52.79
"14,07,2021",53.3
"15,07,2021",52.91
"16,07,2021",52.82
"19,07,2021",52.34
"20,07,2021",51.15
"21,07,2021",52.08
"22,07,2021",50.74
"23,07,2021",50.84
"26,07,2021",53.15
"27,07,2021",52.85
"28,07,2021",53.78
"29,07,2021",54
"30,07,2021",53.28
"02,08,2021",54.38
"03,08,2021",54.14
"04,08,2021",55.41
"05,08,2021",55.93
"06,08,2021",56.61
"09,08,2021",56.57
"10,08,2021",57.36
"11,08,2021",57.73
"12,08,2021",56.21
"13,08,2021",55.33
"16,08,2021",58.11
"17,08,2021",57.18
"18,08,2021",57.08
"19,08,2021",53.45
"20,08,2021",54.33
"23,08,2021",55.3
"24,08,2021",56.6
"25,08,2021",56.5
"26,08,2021",56.82
"27,08,2021",58.96
"30,08,2021",60.72
"31,08,2021",60.72
"01,09,2021",60.07
"02,09,2021",61.48
"03,09,2021",61.28
"06,09,2021",62.27
"07,09,2021",61.95
"08,09,2021",62.41
"09,09,2021",62.69
"10,09,2021",60.86
"13,09,2021",61.01
"14,09,2021",59.8
"15,09,2021",59.8
"16,09,2021",59.26
"17,09,2021",59.43
"20,09,2021",60.63
"21,09,2021",60.11
"22,09,2021",60.54
"23,09,2021",60.48
"24,09,2021",62.88
"27,09,2021",64.31
"28,09,2021",61.92
"29,09,2021",62.88
"30,09,2021",61.74
"01,10,2021",62.04
"04,10,2021",63.4
"05,10,2021",64.72
"06,10,2021",59.12
"07,10,2021",60.37
"08,10,2021",58.33
"11,10,2021",59.15
"12,10,2021",58.93
"13,10,2021",59.07
"14,10,2021",61.44
"15,10,2021",59.44
"18,10,2021",58.56
"19,10,2021",54.55
"20,10,2021",57.78
"21,10,2021",57.98
"22,10,2021",58.27
"25,10,2021",58.99
"26,10,2021",59.81
"27,10,2021",59.9
"28,10,2021",58.57
"29,10,2021",58.71
"01,11,2021",56.94
"02,11,2021",59.46
"03,11,2021",59.82
"04,11,2021",59.86
"05,11,2021",59.39
"08,11,2021",60.63
"09,11,2021",60.41
"10,11,2021",63.16
"11,11,2021",63.7
"12,11,2021",63.27
"15,11,2021",65.93
"16,11,2021",67.55
"17,11,2021",67.16
"18,11,2021",69.1
"19,11,2021",69.36
"22,11,2021",69.91
"23,11,2021",69.17
"24,11,2021",72.91
"25,11,2021",74.46
"26,11,2021",72.78
"29,11,2021",74.21
"30,11,2021",75.37
"01,12,2021",76.81
"02,12,2021",79.86
"03,12,2021",78.25
"06,12,2021",81.25
"07,12,2021",84.91
"08,12,2021",88.88
"09,12,2021",80.2
"10,12,2021",83.73
"13,12,2021",82.12
"14,12,2021",79.48
"15,12,2021",80.5
"16,12,2021",84.77
"17,12,2021",73.28
"20,12,2021",79.38
"21,12,2021",80.49
"22,12,2021",76.37
"23,12,2021",74.04
"24,12,2021",75.91
"27,12,2021",76.55
"28,12,2021",78.86
"29,12,2021",79.97
"30,12,2021",79.77
"31,12,2021",80.22
"03,01,2022",83.63
"04,01,2022",84.55
"05,01,2022",87.24
"06,01,2022",86.4
"07,01,2022",85.09
"10,01,2022",79.8
"11,01,2022",81.03
"12,01,2022",79.75
"13,01,2022",80.3
"14,01,2022",81.82
"17,01,2022",80.32
"18,01,2022",82.38
"19,01,2022",81.82
"20,01,2022",85.32
"21,01,2022",84.17
"24,01,2022",83.72
"25,01,2022",87.15
"26,01,2022",88.36
"27,01,2022",89.46
"28,01,2022",88.9
"31,01,2022",88.89
"01,02,2022",89.18
"02,02,2022",93.76
"03,02,2022",94.38
"04,02,2022",96.03
"07,02,2022",96.28
"08,02,2022",96.48
"09,02,2022",90.4
"10,02,2022",90.41
"11,02,2022",92.5
"14,02,2022",91.33
"15,02,2022",90.71
"16,02,2022",89.38
"17,02,2022",85.98
"18,02,2022",89.05
"21,02,2022",89.29
"22,02,2022",89.39
"23,02,2022",94.69
"24,02,2022",86.66
"25,02,2022",87.74
"28,02,2022",81.82
"01,03,2022",68.53
"02,03,2022",68.26
"03,03,2022",67.09
"04,03,2022",64.79
"07,03,2022",57.93
"08,03,2022",68.12
"09,03,2022",72.78
"10,03,2022",76.03
"11,03,2022",76.39
"14,03,2022",77.89
"15,03,2022",77.04
"16,03,2022",77.77
"17,03,2022",79.53
"18,03,2022",78.52
"21,03,2022",78.01
"22,03,2022",80.29
"23,03,2022",76.25
"24,03,2022",77.94
"25,03,2022",78.31
"28,03,2022",80.54
"29,03,2022",81.54
"30,03,2022",78.12
"31,03,2022",76.32
"01,04,2022",78.35
"04,04,2022",78.34
"05,04,2022",77.89
"06,04,2022",77.02
"07,04,2022",79.78
"08,04,2022",79.93
"11,04,2022",77.79
"12,04,2022",78.84
"13,04,2022",77.26
"14,04,2022",79.78
"18,04,2022",79.78
"19,04,2022",79.98
"20,04,2022",87.6
"21,04,2022",86.19
"22,04,2022",88.68
"25,04,2022",83.13
"26,04,2022",82.35
"27,04,2022",80.66
"28,04,2022",82.31
"29,04,2022",84.04
"02,05,2022",82.65
"03,05,2022",87.78
"04,05,2022",87.9
"05,05,2022",88.53
"06,05,2022",91.14
"09,05,2022",86.62
"10,05,2022",86.93
"11,05,2022",88.45
"12,05,2022",87.87
"13,05,2022",88.09
"16,05,2022",89.18
"17,05,2022",91.33
"18,05,2022",84.27
"19,05,2022",82.82
"20,05,2022",80.05
"23,05,2022",77.81
"24,05,2022",80.98
"25,05,2022",81.04
"26,05,2022",84.4
"27,05,2022",83.84
"30,05,2022",83.61
"31,05,2022",83.66
"01,06,2022",85.72
"02,06,2022",85.98
"03,06,2022",86.5
"06,06,2022",81.08
"07,06,2022",80.98
"08,06,2022",79.49
"09,06,2022",80.68
"10,06,2022",81.53
"13,06,2022",81.2
"14,06,2022",83.78
"15,06,2022",85.83
"16,06,2022",82.61
"17,06,2022",81.99
"20,06,2022",83.59
"21,06,2022",84.27
"22,06,2022",81.42
"23,06,2022",83.67
"24,06,2022",82.98
"27,06,2022",84.59
"28,06,2022",87.12
"29,06,2022",88.07
"30,06,2022",89.88
"01,07,2022",85.3
"04,07,2022",84.29
"05,07,2022",82.99
"06,07,2022",82.94
"07,07,2022",84.64
"08,07,2022",82.51
"11,07,2022",84.07
"12,07,2022",85.37
"13,07,2022",83.59
"14,07,2022",83.7
"15,07,2022",85.09
"18,07,2022",84.66
"19,07,2022",83.37
"20,07,2022",78.58
"21,07,2022",77.85
"22,07,2022",76.03
"25,07,2022",76.08
"26,07,2022",76.39
"27,07,2022",75.85
"28,07,2022",78.68
"29,07,2022",78.27
"01,08,2022",80.28
"02,08,2022",81.66
"03,08,2022",83.71
"04,08,2022",83.9
"05,08,2022",84.48
"08,08,2022",83.53
"09,08,2022",85.65
"10,08,2022",85.63
"11,08,2022",87.27
"12,08,2022",88.58
"15,08,2022",90.48
"16,08,2022",91.77
"17,08,2022",95.5
"18,08,2022",95.72
"19,08,2022",97.67
"22,08,2022",91.83
"23,08,2022",88.94
"24,08,2022",88.86
"25,08,2022",88.95
"26,08,2022",89.94
"29,08,2022",86.24
"30,08,2022",80.34
"31,08,2022",79.61
"01,09,2022",80.33
"02,09,2022",77.45
"05,09,2022",74.05
"06,09,2022",69.57
"07,09,2022",68.71
"08,09,2022",66.93
"09,09,2022",65.72
"12,09,2022",71.44
"13,09,2022",69.36
"14,09,2022",72.14
"15,09,2022",71.45
"16,09,2022",72.87
"19,09,2022",70.71
"20,09,2022",70.74
"21,09,2022",69.4
"22,09,2022",70.05
"23,09,2022",65.41
"26,09,2022",69.97
"27,09,2022",67.96
"28,09,2022",65.15
"29,09,2022",65.73
"30,09,2022",66.73
"03,10,2022",65.94
"04,10,2022",66.92
"05,10,2022",67.07
"06,10,2022",68.96
"07,10,2022",69.85
"10,10,2022",66.77
"11,10,2022",66.34
"12,10,2022",66.71
"13,10,2022",68.84
"14,10,2022",68.02
"17,10,2022",67.51
"18,10,2022",67.77
"19,10,2022",67.29
"20,10,2022",66.87
"21,10,2022",68.72
"24,10,2022",72.32
"25,10,2022",77.11
"26,10,2022",75.79
"27,10,2022",80.21
"28,10,2022",81.21
"31,10,2022",79.97
"01,11,2022",76.72
"02,11,2022",76.7
"03,11,2022",76.28
"04,11,2022",76.36
"07,11,2022",77.49
"08,11,2022",76.06
"09,11,2022",72.76
"10,11,2022",73.05
"11,11,2022",75.84
"14,11,2022",75.23
"15,11,2022",76.65
"16,11,2022",73.41
"17,11,2022",72.4
"18,11,2022",72.47
"21,11,2022",74.61
"22,11,2022",73.89
"23,11,2022",75.87
"24,11,2022",78.27
"25,11,2022",78.86
"28,11,2022",78.81
"29,11,2022",81.25
"30,11,2022",84.69
"01,12,2022",85.22
"02,12,2022",87.67
"05,12,2022",87.31
"06,12,2022",87.69
"07,12,2022",88.07
"08,12,2022",88.67
"09,12,2022",87.84
"12,12,2022",90.17
"13,12,2022",88.64
"14,12,2022",86.61
"15,12,2022",85.5
"16,12,2022",83.82
"19,12,2022",84.11
"20,12,2022",87.67
"21,12,2022",85.35
"22,12,2022",86.72
"23,12,2022",86.81
"27,12,2022",85.77
"28,12,2022",83.54
"29,12,2022",82
"30,12,2022",81.49
"02,01,2023",83.85
"03,01,2023",81.13
"04,01,2023",75.48
"05,01,2023",76.59
"06,01,2023",75.14
"09,01,2023",79.14
"10,01,2023",78.15
"11,01,2023",76.56
"12,01,2023",77.81
"13,01,2023",77.44
"16,01,2023",75.17
"17,01,2023",77.16
"18,01,2023",80.86
"19,01,2023",81.47
"20,01,2023",82.62
"23,01,2023",82.7
"24,01,2023",79.23
"25,01,2023",81.77
"26,01,2023",86.79
"27,01,2023",86.51
"30,01,2023",86.91
"31,01,2023",90.25
"01,02,2023",92.6
"02,02,2023",90.19
"03,02,2023",90.44
"06,02,2023",88.07
"07,02,2023",87.54
"08,02,2023",87.52
"09,02,2023",88.22
"10,02,2023",90.23
"13,02,2023",89.43
"14,02,2023",89.28
"15,02,2023",91.5
"16,02,2023",94.61
"17,02,2023",93.34
"20,02,2023",95.36
"21,02,2023",97.28
"22,02,2023",93.77
"23,02,2023",94.53
"24,02,2023",94.31
"27,02,2023",97.05
"28,02,2023",96.58
"01,03,2023",93.72
"02,03,2023",90.23
"03,03,2023",89.07
"06,03,2023",89.9
"07,03,2023",92.59
"08,03,2023",94.7
"09,03,2023",95.31
"10,03,2023",96.72
"13,03,2023",94.26
"14,03,2023",89.8
"15,03,2023",86.6
"16,03,2023",84.43
"17,03,2023",84.58
"20,03,2023",85.11
"21,03,2023",86.88
"22,03,2023",86.77
"23,03,2023",89.69
"24,03,2023",85.1
"27,03,2023",84.77
"28,03,2023",87.47
"29,03,2023",88.4
"30,03,2023",89.1
"31,03,2023",90.09
"03,04,2023",93.88
"04,04,2023",93.07
"05,04,2023",94.72
"06,04,2023",94.74
"10,04,2023",94.74
"11,04,2023",95.49
"12,04,2023",93.99
"13,04,2023",92.55
"14,04,2023",91.92
"17,04,2023",91.11
"18,04,2023",93.39
"19,04,2023",92.53
"20,04,2023",90.05
"21,04,2023",87.83
"24,04,2023",86.53
"25,04,2023",85.16
"26,04,2023",83.87
"27,04,2023",84.3
"28,04,2023",85.63
"01,05,2023",84.25
"02,05,2023",86.63
"03,05,2023",83.28
"04,05,2023",83
"05,05,2023",83.28
"08,05,2023",83.71
"09,05,2023",85.06
"10,05,2023",87.7
"11,05,2023",86.59
"12,05,2023",86.65
"15,05,2023",85.2
"16,05,2023",86.81
"17,05,2023",86.41
"18,05,2023",88.06
"19,05,2023",88.09
"22,05,2023",85.95
"23,05,2023",83.68
"24,05,2023",83.35
"25,05,2023",81.23
"26,05,2023",80.56
"29,05,2023",81.13
"30,05,2023",78.82
"31,05,2023",79.38
"01,06,2023",77.11
"02,06,2023",77.38
"05,06,2023",80.88
"06,06,2023",80.05
"07,06,2023",81.92
"08,06,2023",82.32
"09,06,2023",85.06
"12,06,2023",86.09
"13,06,2023",88.12
"14,06,2023",91.52
"15,06,2023",91.41
"16,06,2023",90.51
"19,06,2023",90.25
"20,06,2023",92.9
"21,06,2023",88.59
"22,06,2023",88.2
"23,06,2023",85.93
"26,06,2023",84.3
"27,06,2023",87.85
"28,06,2023",86.72
"29,06,2023",86.9
"30,06,2023",88.09
"03,07,2023",86.33
"04,07,2023",86.32
"05,07,2023",84.91
"06,07,2023",85.05
"07,07,2023",85.23
"10,07,2023",85.38
"11,07,2023",85.81
"12,07,2023",84.88
"13,07,2023",84.91
"14,07,2023",85.11
"17,07,2023",85.56
"18,07,2023",86.42
"19,07,2023",88.25
"20,07,2023",89.56
"21,07,2023",90.43
"24,07,2023",90.09
"25,07,2023",90.89
"26,07,2023",89.83
"27,07,2023",90.03
"28,07,2023",87.68
"31,07,2023",85.69
"01,08,2023",84.16
"02,08,2023",82.53
"03,08,2023",83.86
"04,08,2023",82.73
"07,08,2023",81.76
"08,08,2023",83.44
"09,08,2023",83.03
"10,08,2023",83.98
"11,08,2023",85.82
"14,08,2023",86.82
"15,08,2023",86.19
"16,08,2023",87.52
"17,08,2023",87.88
"18,08,2023",87.07
"21,08,2023",86.93
"22,08,2023",88.92
"23,08,2023",87.31
"24,08,2023",84.94
"25,08,2023",84.5
"28,08,2023",84.79
"29,08,2023",83.88
"30,08,2023",85.35
"31,08,2023",84.86
"01,09,2023",84.37
"04,09,2023",83.26
"05,09,2023",82.95
"06,09,2023",82.79
"07,09,2023",82.05
"08,09,2023",80.65
"11,09,2023",80.8
"12,09,2023",80.23
"13,09,2023",82.15
"14,09,2023",82.23
"15,09,2023",81.44
"18,09,2023",79.99
"19,09,2023",80.36
"20,09,2023",81.92
"21,09,2023",83.23
"22,09,2023",84.56
"25,09,2023",84.37
"26,09,2023",82.92
"27,09,2023",82.29
"28,09,2023",82.71
"29,09,2023",81.67
"02,10,2023",80.8
"03,10,2023",79.65
"04,10,2023",81.67
"05,10,2023",80.51
"06,10,2023",80.46
"09,10,2023",81.75
"10,10,2023",84.82
"11,10,2023",84.12
"12,10,2023",85.23
"13,10,2023",85.95
"16,10,2023",83.35
"17,10,2023",82.55
"18,10,2023",81.86
"19,10,2023",81.76
"20,10,2023",81.41
"23,10,2023",80.5
"24,10,2023",80.58
"25,10,2023",79.92
"26,10,2023",79.65
"27,10,2023",79.35
"30,10,2023",78.72
"31,10,2023",79.05
"01,11,2023",78.54
"02,11,2023",78.61
"03,11,2023",77.64
"06,11,2023",75.84
"07,11,2023",75.25
"08,11,2023",75.7
"09,11,2023",77.38
"10,11,2023",78.7
"13,11,2023",77.48
"14,11,2023",78.63
"15,11,2023",79.74
"16,11,2023",77.01
"17,11,2023",76.55
"20,11,2023",76.61
"21,11,2023",75.37
"22,11,2023",75.19
"23,11,2023",76.59
"24,11,2023",76.6
"27,11,2023",73.63
"28,11,2023",72.96
"29,11,2023",71.02
"30,11,2023",70.81
"01,12,2023",72.49
"04,12,2023",70.37
"05,12,2023",68.64
"06,12,2023",68.82
"07,12,2023",69.65
"08,12,2023",68.63
"11,12,2023",67.28
"12,12,2023",68.21
"13,12,2023",68.9
"14,12,2023",67.14
"15,12,2023",66.7
"18,12,2023",69.44
"19,12,2023",69.23
"20,12,2023",72.92
"21,12,2023",75.18
"22,12,2023",76.16
"26,12,2023",76.16
"27,12,2023",79.99
"28,12,2023",80.2
"29,12,2023",80.37
"02,01,2024",75.96
"03,01,2024",77.35
"04,01,2024",75.82
"05,01,2024",76.35
"08,01,2024",72.42
"09,01,2024",71.94
"10,01,2024",69.99
"11,01,2024",67.92
"12,01,2024",65.81
"15,01,2024",67.25
"16,01,2024",65.59
"17,01,2024",63.15
"18,01,2024",63.01
"19,01,2024",63.65
"22,01,2024",62.04
"23,01,2024",63.05
"24,01,2024",65.82
"25,01,2024",63.21
"26,01,2024",63.58
"29,01,2024",61.78
"30,01,2024",63.51
"31,01,2024",64.16
"01,02,2024",62.19
"02,02,2024",63.4
"05,02,2024",62.67
"06,02,2024",63.58
"07,02,2024",62.41
"08,02,2024",60.78
"09,02,2024",58.79
"12,02,2024",56.89
"13,02,2024",56.43
"14,02,2024",56.63
"15,02,2024",57.91
"16,02,2024",57.17
"19,02,2024",53.54
"20,02,2024",54.31
"21,02,2024",54.55
"22,02,2024",52.8
"23,02,2024",52.22
"26,02,2024",53.97
"27,02,2024",55.68
"28,02,2024",57.84
"29,02,2024",56
"01,03,2024",56.37
"04,03,2024",57.03
"05,03,2024",60.54
"06,03,2024",59.23
"07,03,2024",59.16
"08,03,2024",58.39
"11,03,2024",56.21
"12,03,2024",56.51
"13,03,2024",56.04
"14,03,2024",58.45
"15,03,2024",59.39
"18,03,2024",61.43
"19,03,2024",60.84
"20,03,2024",60.62
"21,03,2024",59.07
"22,03,2024",61.51
"25,03,2024",65
"26,03,2024",62.28
"27,03,2024",62.43
"28,03,2024",61.8
"02,04,2024",58.72
"03,04,2024",57.41
"04,04,2024",58.5
"05,04,2024",60.58
"08,04,2024",63.51
"09,04,2024",64.07
"10,04,2024",62.87
"11,04,2024",68.03
"12,04,2024",71.55
"15,04,2024",70.55
"16,04,2024",73.62
"17,04,2024",69.98
"18,04,2024",71.53
"19,04,2024",68.81
"22,04,2024",66.33
"23,04,2024",65.67
"24,04,2024",66.47
"25,04,2024",68.39
"26,04,2024",66.92
"29,04,2024",65.49
"30,04,2024",68.52
"01,05,2024",67.82
"02,05,2024",72.51
"03,05,2024",72.01
"06,05,2024",73.2
"07,05,2024",70.98
"08,05,2024",71.69
"09,05,2024",73.26
"10,05,2024",71.91
"13,05,2024",69.81
"14,05,2024",70.22
"15,05,2024",69.46
"16,05,2024",70.1
"17,05,2024",70.69
"20,05,2024",74.22
"21,05,2024",76.25
"22,05,2024",76.21
"23,05,2024",75.81
"24,05,2024",75.61
"27,05,2024",76.25
"28,05,2024",74.58
"29,05,2024",73.86
"30,05,2024",75.48
"31,05,2024",74.1
"03,06,2024",74.57
"04,06,2024",72.33
"05,06,2024",71.82
"06,06,2024",72.1
"07,06,2024",71.39
"10,06,2024",70.8
"11,06,2024",70.63
"12,06,2024",70.74
"13,06,2024",70.71
"14,06,2024",68.28
"17,06,2024",67.99
"18,06,2024",68.5
"19,06,2024",70.33
"20,06,2024",69.22
"21,06,2024",68.13
"24,06,2024",67.35
"25,06,2024",67.92
"26,06,2024",66.93
"27,06,2024",66.67
"28,06,2024",67.47
"01,07,2024",68.05
"02,07,2024",70.67
"03,07,2024",70.76
"04,07,2024",70.07
"05,07,2024",70.36
"08,07,2024",68.99
"09,07,2024",68.56
"10,07,2024",67.96
"11,07,2024",68.37
"12,07,2024",69.19
"15,07,2024",67.64
"16,07,2024",68.02
"17,07,2024",66.54
"18,07,2024",66.44
"19,07,2024",66.3
"22,07,2024",64.72
"23,07,2024",65.73
"24,07,2024",68.41
"25,07,2024",66.81
"26,07,2024",67.87
"29,07,2024",68.69
"30,07,2024",68.64
"31,07,2024",69.21
"01,08,2024",71.18
"02,08,2024",70.58
"05,08,2024",68.73
"06,08,2024",69.96
"07,08,2024",70.57
"08,08,2024",71.06
"09,08,2024",70.14
"12,08,2024",72.65
"13,08,2024",71.29
"14,08,2024",71.87
"15,08,2024",72.11
"16,08,2024",72.52
"19,08,2024",73.14
"20,08,2024",73.07
"21,08,2024",72.14
"22,08,2024",71.57
"23,08,2024",71.13
"26,08,2024",70.49
"27,08,2024",71.49
"28,08,2024",70.77
"29,08,2024",71.06
"30,08,2024",70.3
"02,09,2024",70.43
"03,09,2024",68.16
"04,09,2024",67
"05,09,2024",66.2
"06,09,2024",66.5
"09,09,2024",66.52
"10,09,2024",64.92
"11,09,2024",66.4
"12,09,2024",65.45
"13,09,2024",64.99
"16,09,2024",63.21
"17,09,2024",64.34
"18,09,2024",63.7
"19,09,2024",62.82
"20,09,2024",63.39
"23,09,2024",64.1
"24,09,2024",63.87
"25,09,2024",65.24
"26,09,2024",66.52
"27,09,2024",66.33
"30,09,2024",65.56
"01,10,2024",63.61
"02,10,2024",62.6
"03,10,2024",62.76
"04,10,2024",62.05
"07,10,2024",61.76
"08,10,2024",60.29
"09,10,2024",62.01
"10,10,2024",65
"11,10,2024",64.62
"14,10,2024",65.97
"15,10,2024",65.09
"16,10,2024",63.03
"17,10,2024",62.98
"18,10,2024",62.28
"21,10,2024",61.76
"22,10,2024",62.25
"23,10,2024",64.89
"24,10,2024",66.63
"25,10,2024",66.97
"28,10,2024",66.4
"29,10,2024",67.28
"30,10,2024",65.47
"31,10,2024",64.58
"01,11,2024",63.87
"04,11,2024",65.22
"05,11,2024",64.3
"06,11,2024",63.76
"07,11,2024",66.04
"08,11,2024",68.02
"11,11,2024",67.57
"12,11,2024",67.53
"13,11,2024",66.31
"14,11,2024",68.27
"15,11,2024",68.01
"18,11,2024",69.51
"19,11,2024",68.13
"20,11,2024",68.38
"21,11,2024",69.99
"22,11,2024",69.27
"25,11,2024",69.86
"26,11,2024",69.23
"27,11,2024",68.47
"28,11,2024",67.63
"29,11,2024",68.4
"02,12,2024",68.83
"03,12,2024",68.49
"04,12,2024",67.86
"05,12,2024",67.34
"06,12,2024",68.31
"09,12,2024",66.37
"10,12,2024",68.18
"11,12,2024",70.75
"12,12,2024",68.17
"13,12,2024",66.47
"16,12,2024",65.27
"17,12,2024",64.26
"18,12,2024",64.86
"19,12,2024",67.69
"20,12,2024",68.2
"23,12,2024",69.68
"24,12,2024",69.47
"27,12,2024",71.56
"30,12,2024",71.98
"31,12,2024",73
"02,01,2025",75.19
"03,01,2025",75.94
"06,01,2025",74.36
"07,01,2025",74.04
"08,01,2025",72.17
"09,01,2025",73.46
"10,01,2025",74.85
"13,01,2025",76.92
"14,01,2025",76.96
"15,01,2025",77.98
"16,01,2025",78.33
"17,01,2025",80.39
