Date,brent_crude,cac40,dax,euronext100,ftse100,ngh,rotterdam_coal,eu_ets
2006-09-01,70.49,5183.4502,3945.3701,889.84,5949.1001,5.877,67.5,15.6
2006-09-01,70.49,5183.4502,3945.3701,889.84,5949.1001,5.877,67.5,26.1
2006-09-01,70.49,5183.4502,3945.3701,889.84,5949.1001,5.877,67.5,22.9
2006-09-01,70.49,5183.4502,3945.3701,889.84,5949.1001,5.877,67.5,13.7
2006-09-01,70.49,5183.4502,3945.3701,889.84,5949.1001,5.877,67.5,12.4
2006-09-01,70.49,5183.4502,3945.3701,889.84,5949.1001,5.877,67.5,25.65
2006-09-01,70.49,5183.4502,3945.3701,889.84,5949.1001,5.877,67.5,9.5
2006-09-01,70.49,5183.4502,3945.3701,889.84,5949.1001,5.877,67.5,11.9
2006-11-01,56.37,5370.8599,4224.23,926.64,6149.6001,7.712,68.25,22.75
2006-11-01,56.37,5370.8599,4224.23,926.64,6149.6001,7.712,68.25,7.05
2006-11-01,56.37,5370.8599,4224.23,926.64,6149.6001,7.712,68.25,16.35
2006-11-01,56.37,5370.8599,4224.23,926.64,6149.6001,7.712,68.25,12.5
2006-11-01,56.37,5370.8599,4224.23,926.64,6149.6001,7.712,68.25,28.85
2006-11-01,56.37,5370.8599,4224.23,926.64,6149.6001,7.712,68.25,16.15
2006-11-01,56.37,5370.8599,4224.23,926.64,6149.6001,7.712,68.25,12.6
2006-11-01,56.37,5370.8599,4224.23,926.64,6149.6001,7.712,68.25,15.65
2006-12-01,64.74,5254.0498,4190.1401,913.56,6021.5,8.422,67.0,6.7
2006-12-01,64.74,5254.0498,4190.1401,913.56,6021.5,8.422,67.0,28.85
2006-12-01,64.74,5254.0498,4190.1401,913.56,6021.5,8.422,67.0,16.25
2006-12-01,64.74,5254.0498,4190.1401,913.56,6021.5,8.422,67.0,23.05
2006-12-01,64.74,5254.0498,4190.1401,913.56,6021.5,8.422,67.0,9.05
2006-12-01,64.74,5254.0498,4190.1401,913.56,6021.5,8.422,67.0,14.7
2006-12-01,64.74,5254.0498,4190.1401,913.56,6021.5,8.422,67.0,12.45
2006-12-01,64.74,5254.0498,4190.1401,913.56,6021.5,8.422,67.0,16.25
2007-02-01,56.74,5662.25,4588.9199,983.88,6282.2002,7.53,68.0,0.09
2007-02-01,56.74,5662.25,4588.9199,983.88,6282.2002,7.53,68.0,0.54
2007-02-01,56.74,5662.25,4588.9199,983.88,6282.2002,7.53,68.0,0.98
2007-02-01,56.74,5662.25,4588.9199,983.88,6282.2002,7.53,68.0,0.08
2007-02-01,56.74,5662.25,4588.9199,983.88,6282.2002,7.53,68.0,1.05
2007-02-01,56.74,5662.25,4588.9199,983.88,6282.2002,7.53,68.0,0.13
2007-02-01,56.74,5662.25,4588.9199,983.88,6282.2002,7.53,68.0,5.3
2007-02-01,56.74,5662.25,4588.9199,983.88,6282.2002,7.53,68.0,0.08
2007-02-01,56.74,5662.25,4588.9199,983.88,6282.2002,7.53,68.0,1.95
2007-03-01,61.18,5458.3999,4447.7998,950.13,6116.0,7.288,69.5,4.8
2007-03-01,61.18,5458.3999,4447.7998,950.13,6116.0,7.288,69.5,0.52
2007-03-01,61.18,5458.3999,4447.7998,950.13,6116.0,7.288,69.5,0.85
2007-03-01,61.18,5458.3999,4447.7998,950.13,6116.0,7.288,69.5,0.09
2007-03-01,61.18,5458.3999,4447.7998,950.13,6116.0,7.288,69.5,0.03
2007-03-01,61.18,5458.3999,4447.7998,950.13,6116.0,7.288,69.5,0.1
2007-03-01,61.18,5458.3999,4447.7998,950.13,6116.0,7.288,69.5,0.12
2007-03-01,61.18,5458.3999,4447.7998,950.13,6116.0,7.288,69.5,0.07
2007-06-01,68.65,6168.1499,5224.6802,1076.12,6676.7002,7.878,74.4,0.1
2007-06-01,68.65,6168.1499,5224.6802,1076.12,6676.7002,7.878,74.4,0.13
2007-06-01,68.65,6168.1499,5224.6802,1076.12,6676.7002,7.878,74.4,0.07
2007-06-01,68.65,6168.1499,5224.6802,1076.12,6676.7002,7.878,74.4,0.03
2007-06-01,68.65,6168.1499,5224.6802,1076.12,6676.7002,7.878,74.4,0.09
2007-06-01,68.65,6168.1499,5224.6802,1076.12,6676.7002,7.878,74.4,0.28
2007-06-01,68.65,6168.1499,5224.6802,1076.12,6676.7002,7.878,74.4,1.45
2007-06-01,68.65,6168.1499,5224.6802,1076.12,6676.7002,7.878,74.4,1.0
2007-08-01,77.11,5654.2998,4889.0601,1002.15,6250.6001,6.352,82.25,1.1
2007-08-01,77.11,5654.2998,4889.0601,1002.15,6250.6001,6.352,82.25,0.26
2007-08-01,77.11,5654.2998,4889.0601,1002.15,6250.6001,6.352,82.25,0.1
2007-08-01,77.11,5654.2998,4889.0601,1002.15,6250.6001,6.352,82.25,0.11
2007-08-01,77.11,5654.2998,4889.0601,1002.15,6250.6001,6.352,82.25,1.45
2007-08-01,77.11,5654.2998,4889.0601,1002.15,6250.6001,6.352,82.25,0.07
2007-08-01,77.11,5654.2998,4889.0601,1002.15,6250.6001,6.352,82.25,3.85
2007-08-01,77.11,5654.2998,4889.0601,1002.15,6250.6001,6.352,82.25,0.45
2007-10-01,78.33,5773.2598,5182.4502,1024.38,6506.2002,7.05,102.7,0.09
2007-10-01,78.33,5773.2598,5182.4502,1024.38,6506.2002,7.05,102.7,3.7
2007-10-01,78.33,5773.2598,5182.4502,1024.38,6506.2002,7.05,102.7,0.29
2007-10-01,78.33,5773.2598,5182.4502,1024.38,6506.2002,7.05,102.7,0.78
2007-10-01,78.33,5773.2598,5182.4502,1024.38,6506.2002,7.05,102.7,0.14
2007-10-01,78.33,5773.2598,5182.4502,1024.38,6506.2002,7.05,102.7,0.1
2007-10-01,78.33,5773.2598,5182.4502,1024.38,6506.2002,7.05,102.7,0.07
2007-10-01,78.33,5773.2598,5182.4502,1024.38,6506.2002,7.05,102.7,0.03
2007-11-01,90.36,5730.9199,5155.25,1027.41,6586.1001,8.637,127.5,0.03
2007-11-01,90.36,5730.9199,5155.25,1027.41,6586.1001,8.637,127.5,0.31
2007-11-01,90.36,5730.9199,5155.25,1027.41,6586.1001,8.637,127.5,3.9
2007-11-01,90.36,5730.9199,5155.25,1027.41,6586.1001,8.637,127.5,0.24
2007-11-01,90.36,5730.9199,5155.25,1027.41,6586.1001,8.637,127.5,0.07
2007-11-01,90.36,5730.9199,5155.25,1027.41,6586.1001,8.637,127.5,0.14
2007-11-01,90.36,5730.9199,5155.25,1027.41,6586.1001,8.637,127.5,0.74
2007-11-01,90.36,5730.9199,5155.25,1027.41,6586.1001,8.637,127.5,0.08
2008-02-01,91.41,4978.06,4546.8799,882.1,6029.2,7.74,140.0,23.42
2008-02-01,91.41,4978.06,4546.8799,882.1,6029.2,7.74,140.0,26.34
2008-02-01,91.41,4978.06,4546.8799,882.1,6029.2,7.74,140.0,23.14
2008-02-01,91.41,4978.06,4546.8799,882.1,6029.2,7.74,140.0,0.02
2008-02-01,91.41,4978.06,4546.8799,882.1,6029.2,7.74,140.0,15.36
2008-02-01,91.41,4978.06,4546.8799,882.1,6029.2,7.74,140.0,24.5
2008-02-01,91.41,4978.06,4546.8799,882.1,6029.2,7.74,140.0,24.72
2008-02-01,91.41,4978.06,4546.8799,882.1,6029.2,7.74,140.0,27.99
2008-04-01,98.69,4866.0,4384.5898,860.61,5852.6,9.724,125.5,23.31
2008-04-01,98.69,4866.0,4384.5898,860.61,5852.6,9.724,125.5,24.65
2008-04-01,98.69,4866.0,4384.5898,860.61,5852.6,9.724,125.5,14.82
2008-04-01,98.69,4866.0,4384.5898,860.61,5852.6,9.724,125.5,27.64
2008-04-01,98.69,4866.0,4384.5898,860.61,5852.6,9.724,125.5,0.01
2008-04-01,98.69,4866.0,4384.5898,860.61,5852.6,9.724,125.5,0.02
2008-04-01,98.69,4866.0,4384.5898,860.61,5852.6,9.724,125.5,21.21
2008-04-01,98.69,4866.0,4384.5898,860.61,5852.6,9.724,125.5,0.02
2008-04-01,98.69,4866.0,4384.5898,860.61,5852.6,9.724,125.5,18.94
2008-04-01,98.69,4866.0,4384.5898,860.61,5852.6,9.724,125.5,26.6
2008-07-01,140.67,4341.21,3993.72,765.58,5479.9,13.505,224.0,23.82
2008-07-01,140.67,4341.21,3993.72,765.58,5479.9,13.505,224.0,0.01
2008-07-01,140.67,4341.21,3993.72,765.58,5479.9,13.505,224.0,25.03
2008-07-01,140.67,4341.21,3993.72,765.58,5479.9,13.505,224.0,27.51
2008-07-01,140.67,4341.21,3993.72,765.58,5479.9,13.505,224.0,18.69
2008-07-01,140.67,4341.21,3993.72,765.58,5479.9,13.505,224.0,0.02
2008-07-01,140.67,4341.21,3993.72,765.58,5479.9,13.505,224.0,22.82
2008-07-01,140.67,4341.21,3993.72,765.58,5479.9,13.505,224.0,22.25
2008-07-01,140.67,4341.21,3993.72,765.58,5479.9,13.505,224.0,0.02
2008-08-01,124.16,4314.34,4044.6299,747.14,5354.7,9.389,191.0,21.81
2008-08-01,124.16,4314.34,4044.6299,747.14,5354.7,9.389,191.0,22.61
2008-08-01,124.16,4314.34,4044.6299,747.14,5354.7,9.389,191.0,24.19
2008-08-01,124.16,4314.34,4044.6299,747.14,5354.7,9.389,191.0,14.45
2008-08-01,124.16,4314.34,4044.6299,747.14,5354.7,9.389,191.0,0.02
2008-08-01,124.16,4314.34,4044.6299,747.14,5354.7,9.389,191.0,23.51
2008-08-01,124.16,4314.34,4044.6299,747.14,5354.7,9.389,191.0,25.79
2008-08-01,124.16,4314.34,4044.6299,747.14,5354.7,9.389,191.0,0.02
2008-08-01,124.16,4314.34,4044.6299,747.14,5354.7,9.389,191.0,24.91
2008-10-01,92.19,4054.54,3671.48,695.12,4959.6,7.728,149.15,26.68
2008-10-01,92.19,4054.54,3671.48,695.12,4959.6,7.728,149.15,22.04
2008-10-01,92.19,4054.54,3671.48,695.12,4959.6,7.728,149.15,24.44
2008-10-01,92.19,4054.54,3671.48,695.12,4959.6,7.728,149.15,0.02
2008-10-01,92.19,4054.54,3671.48,695.12,4959.6,7.728,149.15,18.51
2008-10-01,92.19,4054.54,3671.48,695.12,4959.6,7.728,149.15,22.77
2008-10-01,92.19,4054.54,3671.48,695.12,4959.6,7.728,149.15,27.2
2008-10-01,92.19,4054.54,3671.48,695.12,4959.6,7.728,149.15,14.37
2008-10-01,92.19,4054.54,3671.48,695.12,4959.6,7.728,149.15,0.01
2008-12-01,47.58,3080.43,2778.9299,521.62,4065.5,6.604,79.0,25.39
2008-12-01,47.58,3080.43,2778.9299,521.62,4065.5,6.604,79.0,23.9
2008-12-01,47.58,3080.43,2778.9299,521.62,4065.5,6.604,79.0,17.95
2008-12-01,47.58,3080.43,2778.9299,521.62,4065.5,6.604,79.0,0.01
2008-12-01,47.58,3080.43,2778.9299,521.62,4065.5,6.604,79.0,27.16
2008-12-01,47.58,3080.43,2778.9299,521.62,4065.5,6.604,79.0,23.31
2008-12-01,47.58,3080.43,2778.9299,521.62,4065.5,6.604,79.0,14.88
2008-12-01,47.58,3080.43,2778.9299,521.62,4065.5,6.604,79.0,0.02
2009-04-01,45.92,2839.61,2600.1299,483.79,3955.6,3.695,64.4,14.51
2009-04-01,45.92,2839.61,2600.1299,483.79,3955.6,3.695,64.4,14.01
2009-04-01,45.92,2839.61,2600.1299,483.79,3955.6,3.695,64.4,14.12
2009-04-01,45.92,2839.61,2600.1299,483.79,3955.6,3.695,64.4,14.36
2009-04-01,45.92,2839.61,2600.1299,483.79,3955.6,3.695,64.4,11.47
2009-04-01,45.92,2839.61,2600.1299,483.79,3955.6,3.695,64.4,15.18
2009-04-01,45.92,2839.61,2600.1299,483.79,3955.6,3.695,64.4,10.18
2009-04-01,45.92,2839.61,2600.1299,483.79,3955.6,3.695,64.4,14.54
2009-06-01,66.6,3379.49,3111.8501,575.94,4506.2,4.249,70.0,13.97
2009-06-01,66.6,3379.49,3111.8501,575.94,4506.2,4.249,70.0,12.98
2009-06-01,66.6,3379.49,3111.8501,575.94,4506.2,4.249,70.0,12.38
2009-06-01,66.6,3379.49,3111.8501,575.94,4506.2,4.249,70.0,14.3
2009-06-01,66.6,3379.49,3111.8501,575.94,4506.2,4.249,70.0,15.27
2009-06-01,66.6,3379.49,3111.8501,575.94,4506.2,4.249,70.0,13.73
2009-06-01,66.6,3379.49,3111.8501,575.94,4506.2,4.249,70.0,10.65
2009-06-01,66.6,3379.49,3111.8501,575.94,4506.2,4.249,70.0,14.27
2009-06-01,66.6,3379.49,3111.8501,575.94,4506.2,4.249,70.0,9.87
2009-07-01,68.52,3217.0,2967.6101,554.33,4340.7,3.795,63.6,15.02
2009-07-01,68.52,3217.0,2967.6101,554.33,4340.7,3.795,63.6,12.12
2009-07-01,68.52,3217.0,2967.6101,554.33,4340.7,3.795,63.6,13.61
2009-07-01,68.52,3217.0,2967.6101,554.33,4340.7,3.795,63.6,14.58
2009-07-01,68.52,3217.0,2967.6101,554.33,4340.7,3.795,63.6,15.29
2009-07-01,68.52,3217.0,2967.6101,554.33,4340.7,3.795,63.6,14.26
2009-07-01,68.52,3217.0,2967.6101,554.33,4340.7,3.795,63.6,14.76
2009-07-01,68.52,3217.0,2967.6101,554.33,4340.7,3.795,63.6,13.1
2009-09-01,68.78,3583.44,3222.8101,618.28,4819.7,2.821,68.25,14.01
2009-09-01,68.78,3583.44,3222.8101,618.28,4819.7,2.821,68.25,13.87
2009-09-01,68.78,3583.44,3222.8101,618.28,4819.7,2.821,68.25,14.17
2009-09-01,68.78,3583.44,3222.8101,618.28,4819.7,2.821,68.25,9.91
2009-09-01,68.78,3583.44,3222.8101,618.28,4819.7,2.821,68.25,13.78
2009-09-01,68.78,3583.44,3222.8101,618.28,4819.7,2.821,68.25,15.12
2009-09-01,68.78,3583.44,3222.8101,618.28,4819.7,2.821,68.25,13.06
2009-09-01,68.78,3583.44,3222.8101,618.28,4819.7,2.821,68.25,12.99
2009-09-01,68.78,3583.44,3222.8101,618.28,4819.7,2.821,68.25,11.49
2009-09-01,68.78,3583.44,3222.8101,618.28,4819.7,2.821,68.25,13.73
2009-10-01,67.12,3720.77,3360.29,647.88,5047.8,4.466,71.2,15.05
2009-10-01,67.12,3720.77,3360.29,647.88,5047.8,4.466,71.2,9.17
2009-10-01,67.12,3720.77,3360.29,647.88,5047.8,4.466,71.2,14.17
2009-10-01,67.12,3720.77,3360.29,647.88,5047.8,4.466,71.2,13.12
2009-10-01,67.12,3720.77,3360.29,647.88,5047.8,4.466,71.2,14.13
2009-10-01,67.12,3720.77,3360.29,647.88,5047.8,4.466,71.2,11.78
2009-10-01,67.12,3720.77,3360.29,647.88,5047.8,4.466,71.2,13.72
2009-10-01,67.12,3720.77,3360.29,647.88,5047.8,4.466,71.2,13.93
2009-12-01,78.68,3775.74,3494.6299,656.42,5312.2,4.762,77.5,14.87
2009-12-01,78.68,3775.74,3494.6299,656.42,5312.2,4.762,77.5,14.29
2009-12-01,78.68,3775.74,3494.6299,656.42,5312.2,4.762,77.5,11.6
2009-12-01,78.68,3775.74,3494.6299,656.42,5312.2,4.762,77.5,14.28
2009-12-01,78.68,3775.74,3494.6299,656.42,5312.2,4.762,77.5,12.85
2009-12-01,78.68,3775.74,3494.6299,656.42,5312.2,4.762,77.5,13.31
2009-12-01,78.68,3775.74,3494.6299,656.42,5312.2,4.762,77.5,13.51
2009-12-01,78.68,3775.74,3494.6299,656.42,5312.2,4.762,77.5,8.06
2010-02-01,71.58,3762.01,3411.4299,663.76,5247.4,5.434,79.15,12.59
2010-02-01,71.58,3762.01,3411.4299,663.76,5247.4,5.434,79.15,14.43
2010-02-01,71.58,3762.01,3411.4299,663.76,5247.4,5.434,79.15,15.73
2010-02-01,71.58,3762.01,3411.4299,663.76,5247.4,5.434,79.15,14.67
2010-02-01,71.58,3762.01,3411.4299,663.76,5247.4,5.434,79.15,15.18
2010-02-01,71.58,3762.01,3411.4299,663.76,5247.4,5.434,79.15,14.71
2010-02-01,71.58,3762.01,3411.4299,663.76,5247.4,5.434,79.15,13.16
2010-02-01,71.58,3762.01,3411.4299,663.76,5247.4,5.434,79.15,15.29
2010-03-01,76.07,3769.54,3447.1799,662.86,5405.9,4.679,76.75,14.69
2010-03-01,76.07,3769.54,3447.1799,662.86,5405.9,4.679,76.75,14.37
2010-03-01,76.07,3769.54,3447.1799,662.86,5405.9,4.679,76.75,16.42
2010-03-01,76.07,3769.54,3447.1799,662.86,5405.9,4.679,76.75,14.75
2010-03-01,76.07,3769.54,3447.1799,662.86,5405.9,4.679,76.75,15.17
2010-03-01,76.07,3769.54,3447.1799,662.86,5405.9,4.679,76.75,15.69
2010-03-01,76.07,3769.54,3447.1799,662.86,5405.9,4.679,76.75,12.59
2010-03-01,76.07,3769.54,3447.1799,662.86,5405.9,4.679,76.75,13.4
2010-04-01,82.63,4034.23,3761.6499,708.96,5744.9,4.086,75.5,15.25
2010-04-01,82.63,4034.23,3761.6499,708.96,5744.9,4.086,75.5,12.91
2010-04-01,82.63,4034.23,3761.6499,708.96,5744.9,4.086,75.5,14.27
2010-04-01,82.63,4034.23,3761.6499,708.96,5744.9,4.086,75.5,12.98
2010-04-01,82.63,4034.23,3761.6499,708.96,5744.9,4.086,75.5,14.38
2010-04-01,82.63,4034.23,3761.6499,708.96,5744.9,4.086,75.5,15.27
2010-04-01,82.63,4034.23,3761.6499,708.96,5744.9,4.086,75.5,13.06
2010-04-01,82.63,4034.23,3761.6499,708.96,5744.9,4.086,75.5,15.82
2010-06-01,73.08,3503.08,3508.5601,635.77,5163.3,4.248,88.85,15.67
2010-06-01,73.08,3503.08,3508.5601,635.77,5163.3,4.248,88.85,15.57
2010-06-01,73.08,3503.08,3508.5601,635.77,5163.3,4.248,88.85,14.17
2010-06-01,73.08,3503.08,3508.5601,635.77,5163.3,4.248,88.85,15.08
2010-06-01,73.08,3503.08,3508.5601,635.77,5163.3,4.248,88.85,13.33
2010-06-01,73.08,3503.08,3508.5601,635.77,5163.3,4.248,88.85,16.07
2010-06-01,73.08,3503.08,3508.5601,635.77,5163.3,4.248,88.85,12.22
2010-06-01,73.08,3503.08,3508.5601,635.77,5163.3,4.248,88.85,14.87
2010-07-01,71.73,3339.9,3434.1499,607.69,4805.8,4.854,94.25,15.47
2010-07-01,71.73,3339.9,3434.1499,607.69,4805.8,4.854,94.25,15.13
2010-07-01,71.73,3339.9,3434.1499,607.69,4805.8,4.854,94.25,13.42
2010-07-01,71.73,3339.9,3434.1499,607.69,4805.8,4.854,94.25,15.69
2010-07-01,71.73,3339.9,3434.1499,607.69,4805.8,4.854,94.25,15.42
2010-07-01,71.73,3339.9,3434.1499,607.69,4805.8,4.854,94.25,14.74
2010-07-01,71.73,3339.9,3434.1499,607.69,4805.8,4.854,94.25,12.57
2010-07-01,71.73,3339.9,3434.1499,607.69,4805.8,4.854,94.25,14.79
2010-09-01,75.53,3623.84,3566.9299,654.18,5366.4,3.762,91.15,12.99
2010-09-01,75.53,3623.84,3566.9299,654.18,5366.4,3.762,91.15,14.51
2010-09-01,75.53,3623.84,3566.9299,654.18,5366.4,3.762,91.15,14.53
2010-09-01,75.53,3623.84,3566.9299,654.18,5366.4,3.762,91.15,13.41
2010-09-01,75.53,3623.84,3566.9299,654.18,5366.4,3.762,91.15,14.3
2010-09-01,75.53,3623.84,3566.9299,654.18,5366.4,3.762,91.15,14.55
2010-09-01,75.53,3623.84,3566.9299,654.18,5366.4,3.762,91.15,13.59
2010-09-01,75.53,3623.84,3566.9299,654.18,5366.4,3.762,91.15,15.46
2010-09-01,75.53,3623.84,3566.9299,654.18,5366.4,3.762,91.15,15.67
2010-10-01,82.69,3692.09,3641.6399,668.28,5592.9,3.797,96.53,13.12
2010-10-01,82.69,3692.09,3641.6399,668.28,5592.9,3.797,96.53,14.44
2010-10-01,82.69,3692.09,3641.6399,668.28,5592.9,3.797,96.53,15.37
2010-10-01,82.69,3692.09,3641.6399,668.28,5592.9,3.797,96.53,15.14
2010-10-01,82.69,3692.09,3641.6399,668.28,5592.9,3.797,96.53,13.09
2010-10-01,82.69,3692.09,3641.6399,668.28,5592.9,3.797,96.53,14.59
2010-10-01,82.69,3692.09,3641.6399,668.28,5592.9,3.797,96.53,14.49
2010-10-01,82.69,3692.09,3641.6399,668.28,5592.9,3.797,96.53,15.23
2010-11-01,84.06,3841.11,3872.3501,695.69,5694.6,3.832,105.8,14.34
2010-11-01,84.06,3841.11,3872.3501,695.69,5694.6,3.832,105.8,15.53
2010-11-01,84.06,3841.11,3872.3501,695.69,5694.6,3.832,105.8,15.84
2010-11-01,84.06,3841.11,3872.3501,695.69,5694.6,3.832,105.8,15.57
2010-11-01,84.06,3841.11,3872.3501,695.69,5694.6,3.832,105.8,12.85
2010-11-01,84.06,3841.11,3872.3501,695.69,5694.6,3.832,105.8,13.06
2010-11-01,84.06,3841.11,3872.3501,695.69,5694.6,3.832,105.8,13.0
2010-11-01,84.06,3841.11,3872.3501,695.69,5694.6,3.832,105.8,14.84
2010-12-01,88.56,3669.29,4025.8301,670.22,5642.5,4.269,116.45,15.62
2010-12-01,88.56,3669.29,4025.8301,670.22,5642.5,4.269,116.45,15.75
2010-12-01,88.56,3669.29,4025.8301,670.22,5642.5,4.269,116.45,14.36
2010-12-01,88.56,3669.29,4025.8301,670.22,5642.5,4.269,116.45,13.99
2010-12-01,88.56,3669.29,4025.8301,670.22,5642.5,4.269,116.45,14.9
2010-12-01,88.56,3669.29,4025.8301,670.22,5642.5,4.269,116.45,13.6
2010-12-01,88.56,3669.29,4025.8301,670.22,5642.5,4.269,116.45,12.76
2010-12-01,88.56,3669.29,4025.8301,670.22,5642.5,4.269,116.45,12.82
2010-12-01,88.56,3669.29,4025.8301,670.22,5642.5,4.269,116.45,12.71
2011-02-01,100.4,4072.62,4198.5098,726.95,5957.8,4.347,119.1,14.76
2011-02-01,100.4,4072.62,4198.5098,726.95,5957.8,4.347,119.1,16.46
2011-02-01,100.4,4072.62,4198.5098,726.95,5957.8,4.347,119.1,12.51
2011-02-01,100.4,4072.62,4198.5098,726.95,5957.8,4.347,119.1,9.49
2011-02-01,100.4,4072.62,4198.5098,726.95,5957.8,4.347,119.1,17.03
2011-02-01,100.4,4072.62,4198.5098,726.95,5957.8,4.347,119.1,7.82
2011-02-01,100.4,4072.62,4198.5098,726.95,5957.8,4.347,119.1,11.63
2011-02-01,100.4,4072.62,4198.5098,726.95,5957.8,4.347,119.1,15.2
2011-03-01,113.34,4067.15,4220.52,728.06,5935.8,3.873,119.7,16.53
2011-03-01,113.34,4067.15,4220.52,728.06,5935.8,3.873,119.7,14.02
2011-03-01,113.34,4067.15,4220.52,728.06,5935.8,3.873,119.7,11.32
2011-03-01,113.34,4067.15,4220.52,728.06,5935.8,3.873,119.7,9.69
2011-03-01,113.34,4067.15,4220.52,728.06,5935.8,3.873,119.7,16.81
2011-03-01,113.34,4067.15,4220.52,728.06,5935.8,3.873,119.7,10.17
2011-03-01,113.34,4067.15,4220.52,728.06,5935.8,3.873,119.7,14.47
2011-03-01,113.34,4067.15,4220.52,728.06,5935.8,3.873,119.7,15.17
2011-04-01,118.63,4054.76,4194.9502,723.84,6009.9,4.362,128.6,16.83
2011-04-01,118.63,4054.76,4194.9502,723.84,6009.9,4.362,128.6,9.42
2011-04-01,118.63,4054.76,4194.9502,723.84,6009.9,4.362,128.6,16.7
2011-04-01,118.63,4054.76,4194.9502,723.84,6009.9,4.362,128.6,15.5
2011-04-01,118.63,4054.76,4194.9502,723.84,6009.9,4.362,128.6,13.31
2011-04-01,118.63,4054.76,4194.9502,723.84,6009.9,4.362,128.6,10.1
2011-04-01,118.63,4054.76,4194.9502,723.84,6009.9,4.362,128.6,14.49
2011-04-01,118.63,4054.76,4194.9502,723.84,6009.9,4.362,128.6,11.18
2011-04-01,118.63,4054.76,4194.9502,723.84,6009.9,4.362,128.6,14.21
2011-06-01,116.15,3964.81,4095.1799,707.22,5928.6,4.629,122.2,16.66
2011-06-01,116.15,3964.81,4095.1799,707.22,5928.6,4.629,122.2,12.09
2011-06-01,116.15,3964.81,4095.1799,707.22,5928.6,4.629,122.2,14.47
2011-06-01,116.15,3964.81,4095.1799,707.22,5928.6,4.629,122.2,7.32
2011-06-01,116.15,3964.81,4095.1799,707.22,5928.6,4.629,122.2,10.47
2011-06-01,116.15,3964.81,4095.1799,707.22,5928.6,4.629,122.2,13.07
2011-06-01,116.15,3964.81,4095.1799,707.22,5928.6,4.629,122.2,16.39
2011-06-01,116.15,3964.81,4095.1799,707.22,5928.6,4.629,122.2,16.74
2011-07-01,109.82,4007.35,4208.7598,709.1,5989.8,4.311,122.7,7.21
2011-07-01,109.82,4007.35,4208.7598,709.1,5989.8,4.311,122.7,9.95
2011-07-01,109.82,4007.35,4208.7598,709.1,5989.8,4.311,122.7,15.39
2011-07-01,109.82,4007.35,4208.7598,709.1,5989.8,4.311,122.7,16.58
2011-07-01,109.82,4007.35,4208.7598,709.1,5989.8,4.311,122.7,12.34
2011-07-01,109.82,4007.35,4208.7598,709.1,5989.8,4.311,122.7,10.46
2011-07-01,109.82,4007.35,4208.7598,709.1,5989.8,4.311,122.7,12.89
2011-07-01,109.82,4007.35,4208.7598,709.1,5989.8,4.311,122.7,14.42
2011-07-01,109.82,4007.35,4208.7598,709.1,5989.8,4.311,122.7,16.35
2011-07-01,109.82,4007.35,4208.7598,709.1,5989.8,4.311,122.7,14.41
2011-08-01,116.37,3588.05,3944.8401,656.06,5774.4,4.188,125.6,12.16
2011-08-01,116.37,3588.05,3944.8401,656.06,5774.4,4.188,125.6,10.63
2011-08-01,116.37,3588.05,3944.8401,656.06,5774.4,4.188,125.6,16.21
2011-08-01,116.37,3588.05,3944.8401,656.06,5774.4,4.188,125.6,7.64
2011-08-01,116.37,3588.05,3944.8401,656.06,5774.4,4.188,125.6,14.49
2011-08-01,116.37,3588.05,3944.8401,656.06,5774.4,4.188,125.6,12.58
2011-08-01,116.37,3588.05,3944.8401,656.06,5774.4,4.188,125.6,10.1
2011-08-01,116.37,3588.05,3944.8401,656.06,5774.4,4.188,125.6,15.31
2011-08-01,116.37,3588.05,3944.8401,656.06,5774.4,4.188,125.6,16.6
2011-09-01,116.43,3265.83,3250.8999,602.16,5418.6,4.05,126.3,11.79
2011-09-01,116.43,3265.83,3250.8999,602.16,5418.6,4.05,126.3,9.89
2011-09-01,116.43,3265.83,3250.8999,602.16,5418.6,4.05,126.3,7.84
2011-09-01,116.43,3265.83,3250.8999,602.16,5418.6,4.05,126.3,11.32
2011-09-01,116.43,3265.83,3250.8999,602.16,5418.6,4.05,126.3,14.46
2011-09-01,116.43,3265.83,3250.8999,602.16,5418.6,4.05,126.3,16.38
2011-09-01,116.43,3265.83,3250.8999,602.16,5418.6,4.05,126.3,15.36
2011-09-01,116.43,3265.83,3250.8999,602.16,5418.6,4.05,126.3,16.63
2011-11-01,106.97,3068.33,3309.8401,575.58,5421.6,3.92,115.55,12.15
2011-11-01,106.97,3068.33,3309.8401,575.58,5421.6,3.92,115.55,14.09
2011-11-01,106.97,3068.33,3309.8401,575.58,5421.6,3.92,115.55,14.67
2011-11-01,106.97,3068.33,3309.8401,575.58,5421.6,3.92,115.55,10.12
2011-11-01,106.97,3068.33,3309.8401,575.58,5421.6,3.92,115.55,15.3
2011-11-01,106.97,3068.33,3309.8401,575.58,5421.6,3.92,115.55,16.44
2011-11-01,106.97,3068.33,3309.8401,575.58,5421.6,3.92,115.55,10.67
2011-11-01,106.97,3068.33,3309.8401,575.58,5421.6,3.92,115.55,16.36
2011-11-01,106.97,3068.33,3309.8401,575.58,5421.6,3.92,115.55,11.97
2011-12-01,108.83,3129.95,3424.0801,582.66,5489.3,3.648,112.5,12.35
2011-12-01,108.83,3129.95,3424.0801,582.66,5489.3,3.648,112.5,7.54
2011-12-01,108.83,3129.95,3424.0801,582.66,5489.3,3.648,112.5,11.81
2011-12-01,108.83,3129.95,3424.0801,582.66,5489.3,3.648,112.5,14.03
2011-12-01,108.83,3129.95,3424.0801,582.66,5489.3,3.648,112.5,16.52
2011-12-01,108.83,3129.95,3424.0801,582.66,5489.3,3.648,112.5,10.7
2011-12-01,108.83,3129.95,3424.0801,582.66,5489.3,3.648,112.5,16.2
2011-12-01,108.83,3129.95,3424.0801,582.66,5489.3,3.648,112.5,12.28
2012-02-01,111.96,3367.46,3738.96,626.39,5790.7,2.382,102.5,7.05
2012-02-01,111.96,3367.46,3738.96,626.39,5790.7,2.382,102.5,8.54
2012-02-01,111.96,3367.46,3738.96,626.39,5790.7,2.382,102.5,7.12
2012-02-01,111.96,3367.46,3738.96,626.39,5790.7,2.382,102.5,8.11
2012-02-01,111.96,3367.46,3738.96,626.39,5790.7,2.382,102.5,7.87
2012-02-01,111.96,3367.46,3738.96,626.39,5790.7,2.382,102.5,6.25
2012-02-01,111.96,3367.46,3738.96,626.39,5790.7,2.382,102.5,8.83
2012-02-01,111.96,3367.46,3738.96,626.39,5790.7,2.382,102.5,8.11
2012-03-01,125.76,3499.73,3923.0901,648.5,5931.3,2.463,96.95,7.06
2012-03-01,125.76,3499.73,3923.0901,648.5,5931.3,2.463,96.95,8.3
2012-03-01,125.76,3499.73,3923.0901,648.5,5931.3,2.463,96.95,6.38
2012-03-01,125.76,3499.73,3923.0901,648.5,5931.3,2.463,96.95,6.32
2012-03-01,125.76,3499.73,3923.0901,648.5,5931.3,2.463,96.95,7.08
2012-03-01,125.76,3499.73,3923.0901,648.5,5931.3,2.463,96.95,5.95
2012-03-01,125.76,3499.73,3923.0901,648.5,5931.3,2.463,96.95,8.3
2012-03-01,125.76,3499.73,3923.0901,648.5,5931.3,2.463,96.95,7.59
2012-03-01,125.76,3499.73,3923.0901,648.5,5931.3,2.463,96.95,8.22
2012-06-01,98.63,2950.47,3307.73,563.11,5260.2,2.326,89.7,6.33
2012-06-01,98.63,2950.47,3307.73,563.11,5260.2,2.326,89.7,8.35
2012-06-01,98.63,2950.47,3307.73,563.11,5260.2,2.326,89.7,8.04
2012-06-01,98.63,2950.47,3307.73,563.11,5260.2,2.326,89.7,8.21
2012-06-01,98.63,2950.47,3307.73,563.11,5260.2,2.326,89.7,8.35
2012-06-01,98.63,2950.47,3307.73,563.11,5260.2,2.326,89.7,6.39
2012-06-01,98.63,2950.47,3307.73,563.11,5260.2,2.326,89.7,7.17
2012-06-01,98.63,2950.47,3307.73,563.11,5260.2,2.326,89.7,6.36
2012-06-01,98.63,2950.47,3307.73,563.11,5260.2,2.326,89.7,8.5
2012-08-01,106.78,3321.56,3692.3101,637.23,5712.8,3.171,94.6,7.21
2012-08-01,106.78,3321.56,3692.3101,637.23,5712.8,3.171,94.6,7.92
2012-08-01,106.78,3321.56,3692.3101,637.23,5712.8,3.171,94.6,8.13
2012-08-01,106.78,3321.56,3692.3101,637.23,5712.8,3.171,94.6,8.28
2012-08-01,106.78,3321.56,3692.3101,637.23,5712.8,3.171,94.6,6.6
2012-08-01,106.78,3321.56,3692.3101,637.23,5712.8,3.171,94.6,6.76
2012-08-01,106.78,3321.56,3692.3101,637.23,5712.8,3.171,94.6,8.25
2012-10-01,112.58,3434.98,4005.1399,653.96,5820.5,3.48,87.05,6.86
2012-10-01,112.58,3434.98,4005.1399,653.96,5820.5,3.48,87.05,7.72
2012-10-01,112.58,3434.98,4005.1399,653.96,5820.5,3.48,87.05,7.07
2012-10-01,112.58,3434.98,4005.1399,653.96,5820.5,3.48,87.05,6.67
2012-10-01,112.58,3434.98,4005.1399,653.96,5820.5,3.48,87.05,6.81
2012-10-01,112.58,3434.98,4005.1399,653.96,5820.5,3.48,87.05,7.79
2012-10-01,112.58,3434.98,4005.1399,653.96,5820.5,3.48,87.05,7.18
2012-10-01,112.58,3434.98,4005.1399,653.96,5820.5,3.48,87.05,7.92
2012-10-01,112.58,3434.98,4005.1399,653.96,5820.5,3.48,87.05,7.73
2012-11-01,108.84,3475.4,4010.03,659.86,5861.9,3.818,85.85,7.7
2012-11-01,108.84,3475.4,4010.03,659.86,5861.9,3.818,85.85,7.81
2012-11-01,108.84,3475.4,4010.03,659.86,5861.9,3.818,85.85,6.84
2012-11-01,108.84,3475.4,4010.03,659.86,5861.9,3.818,85.85,6.75
2012-11-01,108.84,3475.4,4010.03,659.86,5861.9,3.818,85.85,6.77
2012-11-01,108.84,3475.4,4010.03,659.86,5861.9,3.818,85.85,6.62
2012-11-01,108.84,3475.4,4010.03,659.86,5861.9,3.818,85.85,7.87
2012-11-01,108.84,3475.4,4010.03,659.86,5861.9,3.818,85.85,6.95
2013-02-01,115.55,3773.53,4267.2798,706.88,6347.2,3.301,86.25,4.5
2013-02-01,115.55,3773.53,4267.2798,706.88,6347.2,3.301,86.25,4.49
2013-02-01,115.55,3773.53,4267.2798,706.88,6347.2,3.301,86.25,5.28
2013-02-01,115.55,3773.53,4267.2798,706.88,6347.2,3.301,86.25,6.4
2013-02-01,115.55,3773.53,4267.2798,706.88,6347.2,3.301,86.25,4.28
2013-02-01,115.55,3773.53,4267.2798,706.88,6347.2,3.301,86.25,3.04
2013-02-01,115.55,3773.53,4267.2798,706.88,6347.2,3.301,86.25,4.38
2013-02-01,115.55,3773.53,4267.2798,706.88,6347.2,3.301,86.25,4.9
2013-03-01,110.14,3699.91,4198.0498,701.13,6378.6,3.456,89.95,6.23
2013-03-01,110.14,3699.91,4198.0498,701.13,6378.6,3.456,89.95,4.4
2013-03-01,110.14,3699.91,4198.0498,701.13,6378.6,3.456,89.95,3.73
2013-03-01,110.14,3699.91,4198.0498,701.13,6378.6,3.456,89.95,4.48
2013-03-01,110.14,3699.91,4198.0498,701.13,6378.6,3.456,89.95,4.68
2013-03-01,110.14,3699.91,4198.0498,701.13,6378.6,3.456,89.95,3.87
2013-03-01,110.14,3699.91,4198.0498,701.13,6378.6,3.456,89.95,5.2
2013-03-01,110.14,3699.91,4198.0498,701.13,6378.6,3.456,89.95,4.87
2013-07-01,103.19,3767.48,4222.49,709.84,6307.8,3.573,73.7,4.09
2013-07-01,103.19,3767.48,4222.49,709.84,6307.8,3.573,73.7,3.69
2013-07-01,103.19,3767.48,4222.49,709.84,6307.8,3.573,73.7,6.49
2013-07-01,103.19,3767.48,4222.49,709.84,6307.8,3.573,73.7,4.24
2013-07-01,103.19,3767.48,4222.49,709.84,6307.8,3.573,73.7,4.44
2013-07-01,103.19,3767.48,4222.49,709.84,6307.8,3.573,73.7,4.97
2013-07-01,103.19,3767.48,4222.49,709.84,6307.8,3.573,73.7,4.07
2013-07-01,103.19,3767.48,4222.49,709.84,6307.8,3.573,73.7,4.8
2013-08-01,109.94,4042.73,4448.22,760.3,6682.0,3.387,76.15,4.49
2013-08-01,109.94,4042.73,4448.22,760.3,6682.0,3.387,76.15,5.14
2013-08-01,109.94,4042.73,4448.22,760.3,6682.0,3.387,76.15,4.44
2013-08-01,109.94,4042.73,4448.22,760.3,6682.0,3.387,76.15,4.87
2013-08-01,109.94,4042.73,4448.22,760.3,6682.0,3.387,76.15,4.51
2013-08-01,109.94,4042.73,4448.22,760.3,6682.0,3.387,76.15,4.18
2013-08-01,109.94,4042.73,4448.22,760.3,6682.0,3.387,76.15,6.3
2013-08-01,109.94,4042.73,4448.22,760.3,6682.0,3.387,76.15,3.44
2013-08-01,109.94,4042.73,4448.22,760.3,6682.0,3.387,76.15,4.23
2013-10-01,107.32,4196.6,4595.46,783.16,6460.0,3.609,81.6,4.0
2013-10-01,107.32,4196.6,4595.46,783.16,6460.0,3.609,81.6,4.77
2013-10-01,107.32,4196.6,4595.46,783.16,6460.0,3.609,81.6,3.33
2013-10-01,107.32,4196.6,4595.46,783.16,6460.0,3.609,81.6,4.04
2013-10-01,107.32,4196.6,4595.46,783.16,6460.0,3.609,81.6,5.12
2013-10-01,107.32,4196.6,4595.46,783.16,6460.0,3.609,81.6,5.89
2013-10-01,107.32,4196.6,4595.46,783.16,6460.0,3.609,81.6,4.25
2013-10-01,107.32,4196.6,4595.46,783.16,6460.0,3.609,81.6,5.02
2013-11-01,105.78,4273.19,4764.01,800.03,6734.7,3.591,81.05,5.75
2013-11-01,105.78,4273.19,4764.01,800.03,6734.7,3.591,81.05,4.88
2013-11-01,105.78,4273.19,4764.01,800.03,6734.7,3.591,81.05,4.61
2013-11-01,105.78,4273.19,4764.01,800.03,6734.7,3.591,81.05,4.16
2013-11-01,105.78,4273.19,4764.01,800.03,6734.7,3.591,81.05,4.62
2013-11-01,105.78,4273.19,4764.01,800.03,6734.7,3.591,81.05,4.37
2013-11-01,105.78,4273.19,4764.01,800.03,6734.7,3.591,81.05,4.08
2013-11-01,105.78,4273.19,4764.01,800.03,6734.7,3.591,81.05,3.88
2013-11-01,105.78,4273.19,4764.01,800.03,6734.7,3.591,81.05,4.29
2013-11-01,105.78,4273.19,4764.01,800.03,6734.7,3.591,81.05,5.25
2014-04-01,105.7,4426.72,5062.69,838.32,6652.6,4.276,77.05,6.11
2014-04-01,105.7,4426.72,5062.69,838.32,6652.6,4.276,77.05,5.82
2014-04-01,105.7,4426.72,5062.69,838.32,6652.6,4.276,77.05,6.84
2014-04-01,105.7,4426.72,5062.69,838.32,6652.6,4.276,77.05,6.49
2014-04-01,105.7,4426.72,5062.69,838.32,6652.6,4.276,77.05,5.39
2014-04-01,105.7,4426.72,5062.69,838.32,6652.6,4.276,77.05,5.67
2014-04-01,105.7,4426.72,5062.69,838.32,6652.6,4.276,77.05,6.23
2014-04-01,105.7,4426.72,5062.69,838.32,6652.6,4.276,77.05,4.7
2014-04-01,105.7,4426.72,5062.69,838.32,6652.6,4.276,77.05,6.81
2014-07-01,110.84,4461.12,5094.54,847.34,6802.9,4.455,73.45,5.73
2014-07-01,110.84,4461.12,5094.54,847.34,6802.9,4.455,73.45,4.99
2014-07-01,110.84,4461.12,5094.54,847.34,6802.9,4.455,73.45,6.42
2014-07-01,110.84,4461.12,5094.54,847.34,6802.9,4.455,73.45,6.9
2014-07-01,110.84,4461.12,5094.54,847.34,6802.9,4.455,73.45,5.56
2014-07-01,110.84,4461.12,5094.54,847.34,6802.9,4.455,73.45,5.94
2014-07-01,110.84,4461.12,5094.54,847.34,6802.9,4.455,73.45,4.69
2014-07-01,110.84,4461.12,5094.54,847.34,6802.9,4.455,73.45,5.14
2014-07-01,110.84,4461.12,5094.54,847.34,6802.9,4.455,73.45,6.76
2014-08-01,103.45,4202.78,4738.35,804.36,6679.2,3.798,76.3,6.27
2014-08-01,103.45,4202.78,4738.35,804.36,6679.2,3.798,76.3,5.97
2014-08-01,103.45,4202.78,4738.35,804.36,6679.2,3.798,76.3,6.05
2014-08-01,103.45,4202.78,4738.35,804.36,6679.2,3.798,76.3,4.58
2014-08-01,103.45,4202.78,4738.35,804.36,6679.2,3.798,76.3,4.87
2014-08-01,103.45,4202.78,4738.35,804.36,6679.2,3.798,76.3,6.66
2014-08-01,103.45,4202.78,4738.35,804.36,6679.2,3.798,76.3,5.15
2014-08-01,103.45,4202.78,4738.35,804.36,6679.2,3.798,76.3,5.75
2014-10-01,94.57,4365.27,4826.81,835.06,6557.5,4.023,72.65,4.53
2014-10-01,94.57,4365.27,4826.81,835.06,6557.5,4.023,72.65,5.13
2014-10-01,94.57,4365.27,4826.81,835.06,6557.5,4.023,72.65,6.04
2014-10-01,94.57,4365.27,4826.81,835.06,6557.5,4.023,72.65,6.89
2014-10-01,94.57,4365.27,4826.81,835.06,6557.5,4.023,72.65,5.49
2014-10-01,94.57,4365.27,4826.81,835.06,6557.5,4.023,72.65,6.72
2014-10-01,94.57,4365.27,4826.81,835.06,6557.5,4.023,72.65,5.68
2014-10-01,94.57,4365.27,4826.81,835.06,6557.5,4.023,72.65,6.56
2014-10-01,94.57,4365.27,4826.81,835.06,6557.5,4.023,72.65,6.08
2014-10-01,94.57,4365.27,4826.81,835.06,6557.5,4.023,72.65,6.4
2014-12-01,70.87,4377.33,5125.98,848.02,6656.4,4.007,73.15,6.11
2014-12-01,70.87,4377.33,5125.98,848.02,6656.4,4.007,73.15,6.66
2014-12-01,70.87,4377.33,5125.98,848.02,6656.4,4.007,73.15,6.04
2014-12-01,70.87,4377.33,5125.98,848.02,6656.4,4.007,73.15,6.5
2014-12-01,70.87,4377.33,5125.98,848.02,6656.4,4.007,73.15,5.55
2014-12-01,70.87,4377.33,5125.98,848.02,6656.4,4.007,73.15,6.35
2014-12-01,70.87,4377.33,5125.98,848.02,6656.4,4.007,73.15,5.31
2014-12-01,70.87,4377.33,5125.98,848.02,6656.4,4.007,73.15,6.85
2015-04-01,55.73,5062.22,6155.38,988.87,6809.5,2.605,58.7,8.07
2015-04-01,55.73,5062.22,6155.38,988.87,6809.5,2.605,58.7,8.4
2015-04-01,55.73,5062.22,6155.38,988.87,6809.5,2.605,58.7,6.94
2015-04-01,55.73,5062.22,6155.38,988.87,6809.5,2.605,58.7,8.52
2015-04-01,55.73,5062.22,6155.38,988.87,6809.5,2.605,58.7,7.39
2015-04-01,55.73,5062.22,6155.38,988.87,6809.5,2.605,58.7,7.89
2015-04-01,55.73,5062.22,6155.38,988.87,6809.5,2.605,58.7,7.02
2015-04-01,55.73,5062.22,6155.38,988.87,6809.5,2.605,58.7,7.59
2015-06-01,62.87,5025.3,5738.02,984.94,6953.6,2.649,57.65,7.83
2015-06-01,62.87,5025.3,5738.02,984.94,6953.6,2.649,57.65,7.37
2015-06-01,62.87,5025.3,5738.02,984.94,6953.6,2.649,57.65,8.22
2015-06-01,62.87,5025.3,5738.02,984.94,6953.6,2.649,57.65,8.41
2015-06-01,62.87,5025.3,5738.02,984.94,6953.6,2.649,57.65,6.8
2015-06-01,62.87,5025.3,5738.02,984.94,6953.6,2.649,57.65,7.54
2015-06-01,62.87,5025.3,5738.02,984.94,6953.6,2.649,57.65,7.17
2015-06-01,62.87,5025.3,5738.02,984.94,6953.6,2.649,57.65,6.8
2015-06-01,62.87,5025.3,5738.02,984.94,6953.6,2.649,57.65,6.96
2015-07-01,61.65,4883.19,5609.81,958.48,6608.6,2.783,59.75,7.13
2015-07-01,61.65,4883.19,5609.81,958.48,6608.6,2.783,59.75,8.11
2015-07-01,61.65,4883.19,5609.81,958.48,6608.6,2.783,59.75,7.77
2015-07-01,61.65,4883.19,5609.81,958.48,6608.6,2.783,59.75,8.06
2015-07-01,61.65,4883.19,5609.81,958.48,6608.6,2.783,59.75,8.41
2015-07-01,61.65,4883.19,5609.81,958.48,6608.6,2.783,59.75,7.44
2015-07-01,61.65,4883.19,5609.81,958.48,6608.6,2.783,59.75,6.81
2015-07-01,61.65,4883.19,5609.81,958.48,6608.6,2.783,59.75,7.46
2015-09-01,48.8,4541.16,5025.3,878.17,6058.5,2.702,54.95,6.93
2015-09-01,48.8,4541.16,5025.3,878.17,6058.5,2.702,54.95,8.32
2015-09-01,48.8,4541.16,5025.3,878.17,6058.5,2.702,54.95,8.4
2015-09-01,48.8,4541.16,5025.3,878.17,6058.5,2.702,54.95,6.74
2015-09-01,48.8,4541.16,5025.3,878.17,6058.5,2.702,54.95,6.68
2015-09-01,48.8,4541.16,5025.3,878.17,6058.5,2.702,54.95,8.35
2015-09-01,48.8,4541.16,5025.3,878.17,6058.5,2.702,54.95,7.56
2015-09-01,48.8,4541.16,5025.3,878.17,6058.5,2.702,54.95,8.25
2015-09-01,48.8,4541.16,5025.3,878.17,6058.5,2.702,54.95,7.48
2015-09-01,48.8,4541.16,5025.3,878.17,6058.5,2.702,54.95,7.03
2015-10-01,47.48,4426.54,4771.26,853.12,6072.5,2.433,51.0,8.26
2015-10-01,47.48,4426.54,4771.26,853.12,6072.5,2.433,51.0,6.82
2015-10-01,47.48,4426.54,4771.26,853.12,6072.5,2.433,51.0,8.36
2015-10-01,47.48,4426.54,4771.26,853.12,6072.5,2.433,51.0,7.58
2015-10-01,47.48,4426.54,4771.26,853.12,6072.5,2.433,51.0,7.91
2015-10-01,47.48,4426.54,4771.26,853.12,6072.5,2.433,51.0,8.44
2015-10-01,47.48,4426.54,4771.26,853.12,6072.5,2.433,51.0,7.12
2015-10-01,47.48,4426.54,4771.26,853.12,6072.5,2.433,51.0,6.96
2015-10-01,47.48,4426.54,4771.26,853.12,6072.5,2.433,51.0,7.61
2015-12-01,42.97,4914.53,5650.32,955.47,6395.7,2.231,49.7,8.3
2015-12-01,42.97,4914.53,5650.32,955.47,6395.7,2.231,49.7,8.37
2015-12-01,42.97,4914.53,5650.32,955.47,6395.7,2.231,49.7,7.6
2015-12-01,42.97,4914.53,5650.32,955.47,6395.7,2.231,49.7,7.61
2015-12-01,42.97,4914.53,5650.32,955.47,6395.7,2.231,49.7,8.18
2015-12-01,42.97,4914.53,5650.32,955.47,6395.7,2.231,49.7,7.41
2015-12-01,42.97,4914.53,5650.32,955.47,6395.7,2.231,49.7,6.41
2015-12-01,42.97,4914.53,5650.32,955.47,6395.7,2.231,49.7,6.74
2016-02-01,32.45,4392.33,4879.14,870.41,6060.1,2.152,44.3,6.1
2016-02-01,32.45,4392.33,4879.14,870.41,6060.1,2.152,44.3,4.08
2016-02-01,32.45,4392.33,4879.14,870.41,6060.1,2.152,44.3,4.95
2016-02-01,32.45,4392.33,4879.14,870.41,6060.1,2.152,44.3,4.41
2016-02-01,32.45,4392.33,4879.14,870.41,6060.1,2.152,44.3,5.82
2016-02-01,32.45,4392.33,4879.14,870.41,6060.1,2.152,44.3,4.3
2016-02-01,32.45,4392.33,4879.14,870.41,6060.1,2.152,44.3,6.01
2016-02-01,32.45,4392.33,4879.14,870.41,6060.1,2.152,44.3,6.24
2016-03-01,35.73,4406.84,4857.32,863.14,6152.9,1.742,44.75,5.98
2016-03-01,35.73,4406.84,4857.32,863.14,6152.9,1.742,44.75,4.63
2016-03-01,35.73,4406.84,4857.32,863.14,6152.9,1.742,44.75,5.62
2016-03-01,35.73,4406.84,4857.32,863.14,6152.9,1.742,44.75,5.31
2016-03-01,35.73,4406.84,4857.32,863.14,6152.9,1.742,44.75,6.5
2016-03-01,35.73,4406.84,4857.32,863.14,6152.9,1.742,44.75,5.93
2016-03-01,35.73,4406.84,4857.32,863.14,6152.9,1.742,44.75,4.88
2016-04-01,36.42,4322.24,4894.93,854.07,6146.1,1.956,44.85,8.07
2016-04-01,36.42,4322.24,4894.93,854.07,6146.1,1.956,44.85,4.97
2016-04-01,36.42,4322.24,4894.93,854.07,6146.1,1.956,44.85,6.12
2016-04-01,36.42,4322.24,4894.93,854.07,6146.1,1.956,44.85,5.21
2016-04-01,36.42,4322.24,4894.93,854.07,6146.1,1.956,44.85,4.69
2016-04-01,36.42,4322.24,4894.93,854.07,6146.1,1.956,44.85,4.92
2016-04-01,36.42,4322.24,4894.93,854.07,6146.1,1.956,44.85,5.32
2016-04-01,36.42,4322.24,4894.93,854.07,6146.1,1.956,44.85,6.41
2016-04-01,36.42,4322.24,4894.93,854.07,6146.1,1.956,44.85,5.6
2016-06-01,48.81,4475.39,4974.35,880.09,6191.9,2.381,50.75,4.5
2016-06-01,48.81,4475.39,4974.35,880.09,6191.9,2.381,50.75,4.59
2016-06-01,48.81,4475.39,4974.35,880.09,6191.9,2.381,50.75,4.13
2016-06-01,48.81,4475.39,4974.35,880.09,6191.9,2.381,50.75,5.86
2016-06-01,48.81,4475.39,4974.35,880.09,6191.9,2.381,50.75,6.19
2016-06-01,48.81,4475.39,4974.35,880.09,6191.9,2.381,50.75,7.77
2016-06-01,48.81,4475.39,4974.35,880.09,6191.9,2.381,50.75,5.3
2016-06-01,48.81,4475.39,4974.35,880.09,6191.9,2.381,50.75,5.85
2016-07-01,47.65,4273.96,4758.31,853.16,6577.8,2.987,56.4,4.3
2016-07-01,47.65,4273.96,4758.31,853.16,6577.8,2.987,56.4,7.56
2016-07-01,47.65,4273.96,4758.31,853.16,6577.8,2.987,56.4,6.23
2016-07-01,47.65,4273.96,4758.31,853.16,6577.8,2.987,56.4,5.69
2016-07-01,47.65,4273.96,4758.31,853.16,6577.8,2.987,56.4,5.09
2016-07-01,47.65,4273.96,4758.31,853.16,6577.8,2.987,56.4,4.01
2016-07-01,47.65,4273.96,4758.31,853.16,6577.8,2.987,56.4,5.27
2016-07-01,47.65,4273.96,4758.31,853.16,6577.8,2.987,56.4,6.1
2016-07-01,47.65,4273.96,4758.31,853.16,6577.8,2.987,56.4,4.58
2016-08-01,40.17,4409.17,5028.1,868.18,6694.0,2.771,62.75,4.55
2016-08-01,40.17,4409.17,5028.1,868.18,6694.0,2.771,62.75,6.15
2016-08-01,40.17,4409.17,5028.1,868.18,6694.0,2.771,62.75,5.41
2016-08-01,40.17,4409.17,5028.1,868.18,6694.0,2.771,62.75,4.94
2016-08-01,40.17,4409.17,5028.1,868.18,6694.0,2.771,62.75,5.23
2016-08-01,40.17,4409.17,5028.1,868.18,6694.0,2.771,62.75,7.42
2016-08-01,40.17,4409.17,5028.1,868.18,6694.0,2.771,62.75,6.09
2016-08-01,40.17,4409.17,5028.1,868.18,6694.0,2.771,62.75,4.61
2016-08-01,40.17,4409.17,5028.1,868.18,6694.0,2.771,62.75,5.01
2016-08-01,40.17,4409.17,5028.1,868.18,6694.0,2.771,62.75,4.08
2016-09-01,45.05,4439.67,5127.49,875.95,6746.0,2.792,61.25,4.95
2016-09-01,45.05,4439.67,5127.49,875.95,6746.0,2.792,61.25,6.13
2016-09-01,45.05,4439.67,5127.49,875.95,6746.0,2.792,61.25,6.1
2016-09-01,45.05,4439.67,5127.49,875.95,6746.0,2.792,61.25,4.46
2016-09-01,45.05,4439.67,5127.49,875.95,6746.0,2.792,61.25,4.08
2016-09-01,45.05,4439.67,5127.49,875.95,6746.0,2.792,61.25,5.07
2016-09-01,45.05,4439.67,5127.49,875.95,6746.0,2.792,61.25,5.69
2016-09-01,45.05,4439.67,5127.49,875.95,6746.0,2.792,61.25,4.87
2016-11-01,45.77,4470.28,5123.49,875.85,6917.1,2.902,85.9,4.43
2016-11-01,45.77,4470.28,5123.49,875.85,6917.1,2.902,85.9,5.57
2016-11-01,45.77,4470.28,5123.49,875.85,6917.1,2.902,85.9,7.14
2016-11-01,45.77,4470.28,5123.49,875.85,6917.1,2.902,85.9,5.43
2016-11-01,45.77,4470.28,5123.49,875.85,6917.1,2.902,85.9,4.73
2016-11-01,45.77,4470.28,5123.49,875.85,6917.1,2.902,85.9,6.01
2016-11-01,45.77,4470.28,5123.49,875.85,6917.1,2.902,85.9,4.98
2016-11-01,45.77,4470.28,5123.49,875.85,6917.1,2.902,85.9,4.87
2016-11-01,45.77,4470.28,5123.49,875.85,6917.1,2.902,85.9,5.67
2016-12-01,52.28,4560.61,5127.33,877.61,6752.9,3.505,85.15,4.87
2016-12-01,52.28,4560.61,5127.33,877.61,6752.9,3.505,85.15,4.63
2016-12-01,52.28,4560.61,5127.33,877.61,6752.9,3.505,85.15,5.52
2016-12-01,52.28,4560.61,5127.33,877.61,6752.9,3.505,85.15,5.8
2016-12-01,52.28,4560.61,5127.33,877.61,6752.9,3.505,85.15,5.05
2016-12-01,52.28,4560.61,5127.33,877.61,6752.9,3.505,85.15,4.03
2016-12-01,52.28,4560.61,5127.33,877.61,6752.9,3.505,85.15,4.89
2016-12-01,52.28,4560.61,5127.33,877.61,6752.9,3.505,85.15,5.58
2016-12-01,52.28,4560.61,5127.33,877.61,6752.9,3.505,85.15,7.11
2017-02-01,55.79,4794.58,5674.75,923.85,7107.7,3.168,80.45,6.94
2017-02-01,55.79,4794.58,5674.75,923.85,7107.7,3.168,80.45,5.46
2017-02-01,55.79,4794.58,5674.75,923.85,7107.7,3.168,80.45,4.45
2017-02-01,55.79,4794.58,5674.75,923.85,7107.7,3.168,80.45,5.42
2017-02-01,55.79,4794.58,5674.75,923.85,7107.7,3.168,80.45,7.66
2017-02-01,55.79,4794.58,5674.75,923.85,7107.7,3.168,80.45,6.12
2017-02-01,55.79,4794.58,5674.75,923.85,7107.7,3.168,80.45,5.16
2017-02-01,55.79,4794.58,5674.75,923.85,7107.7,3.168,80.45,5.22
2017-03-01,55.72,4960.83,5853.39,959.64,7382.9,2.799,78.8,5.15
2017-03-01,55.72,4960.83,5853.39,959.64,7382.9,2.799,78.8,5.13
2017-03-01,55.72,4960.83,5853.39,959.64,7382.9,2.799,78.8,5.59
2017-03-01,55.72,4960.83,5853.39,959.64,7382.9,2.799,78.8,7.0
2017-03-01,55.72,4960.83,5853.39,959.64,7382.9,2.799,78.8,4.4
2017-03-01,55.72,4960.83,5853.39,959.64,7382.9,2.799,78.8,5.43
2017-03-01,55.72,4960.83,5853.39,959.64,7382.9,2.799,78.8,4.87
2017-03-01,55.72,4960.83,5853.39,959.64,7382.9,2.799,78.8,5.42
2017-03-01,55.72,4960.83,5853.39,959.64,7382.9,2.799,78.8,7.88
2017-06-01,50.41,5318.67,6002.71,1026.59,7543.8,3.008,76.4,5.23
2017-06-01,50.41,5318.67,6002.71,1026.59,7543.8,3.008,76.4,7.92
2017-06-01,50.41,5318.67,6002.71,1026.59,7543.8,3.008,76.4,4.97
2017-06-01,50.41,5318.67,6002.71,1026.59,7543.8,3.008,76.4,7.27
2017-06-01,50.41,5318.67,6002.71,1026.59,7543.8,3.008,76.4,6.69
2017-06-01,50.41,5318.67,6002.71,1026.59,7543.8,3.008,76.4,7.0
2017-06-01,50.41,5318.67,6002.71,1026.59,7543.8,3.008,76.4,5.09
2017-06-01,50.41,5318.67,6002.71,1026.59,7543.8,3.008,76.4,5.48
2017-06-01,50.41,5318.67,6002.71,1026.59,7543.8,3.008,76.4,5.06
2017-06-01,50.41,5318.67,6002.71,1026.59,7543.8,3.008,76.4,5.05
2017-08-01,50.77,5127.03,5806.45,1000.63,7423.7,2.819,80.65,5.21
2017-08-01,50.77,5127.03,5806.45,1000.63,7423.7,2.819,80.65,7.06
2017-08-01,50.77,5127.03,5806.45,1000.63,7423.7,2.819,80.65,5.04
2017-08-01,50.77,5127.03,5806.45,1000.63,7423.7,2.819,80.65,4.42
2017-08-01,50.77,5127.03,5806.45,1000.63,7423.7,2.819,80.65,5.26
2017-08-01,50.77,5127.03,5806.45,1000.63,7423.7,2.819,80.65,5.23
2017-08-01,50.77,5127.03,5806.45,1000.63,7423.7,2.819,80.65,7.72
2017-08-01,50.77,5127.03,5806.45,1000.63,7423.7,2.819,80.65,7.14
2017-09-01,53.15,5123.26,5754.96,997.51,7438.5,3.07,86.65,5.12
2017-09-01,53.15,5123.26,5754.96,997.51,7438.5,3.07,86.65,5.28
2017-09-01,53.15,5123.26,5754.96,997.51,7438.5,3.07,86.65,4.52
2017-09-01,53.15,5123.26,5754.96,997.51,7438.5,3.07,86.65,5.36
2017-09-01,53.15,5123.26,5754.96,997.51,7438.5,3.07,86.65,5.04
2017-09-01,53.15,5123.26,5754.96,997.51,7438.5,3.07,86.65,5.27
2017-09-01,53.15,5123.26,5754.96,997.51,7438.5,3.07,86.65,6.96
2017-09-01,53.15,5123.26,5754.96,997.51,7438.5,3.07,86.65,7.55
2017-11-01,60.98,5514.29,6381.93,1071.15,7488.0,2.893,95.25,7.2
2017-11-01,60.98,5514.29,6381.93,1071.15,7488.0,2.893,95.25,5.52
2017-11-01,60.98,5514.29,6381.93,1071.15,7488.0,2.893,95.25,7.38
2017-11-01,60.98,5514.29,6381.93,1071.15,7488.0,2.893,95.25,6.87
2017-11-01,60.98,5514.29,6381.93,1071.15,7488.0,2.893,95.25,5.38
2017-11-01,60.98,5514.29,6381.93,1071.15,7488.0,2.893,95.25,4.87
2017-11-01,60.98,5514.29,6381.93,1071.15,7488.0,2.893,95.25,4.35
2017-11-01,60.98,5514.29,6381.93,1071.15,7488.0,2.893,95.25,5.32
2017-12-01,64.57,5316.89,6095.65,1030.43,7300.5,3.061,92.7,5.04
2017-12-01,64.57,5316.89,6095.65,1030.43,7300.5,3.061,92.7,4.46
2017-12-01,64.57,5316.89,6095.65,1030.43,7300.5,3.061,92.7,7.14
2017-12-01,64.57,5316.89,6095.65,1030.43,7300.5,3.061,92.7,4.91
2017-12-01,64.57,5316.89,6095.65,1030.43,7300.5,3.061,92.7,5.47
2017-12-01,64.57,5316.89,6095.65,1030.43,7300.5,3.061,92.7,4.93
2017-12-01,64.57,5316.89,6095.65,1030.43,7300.5,3.061,92.7,6.86
2017-12-01,64.57,5316.89,6095.65,1030.43,7300.5,3.061,92.7,7.41
2018-02-01,68.6,5454.55,6145.24,1059.27,7490.4,2.856,86.7,20.98
2018-02-01,68.6,5454.55,6145.24,1059.27,7490.4,2.856,86.7,8.94
2018-02-01,68.6,5454.55,6145.24,1059.27,7490.4,2.856,86.7,13.02
2018-02-01,68.6,5454.55,6145.24,1059.27,7490.4,2.856,86.7,17.61
2018-02-01,68.6,5454.55,6145.24,1059.27,7490.4,2.856,86.7,7.78
2018-02-01,68.6,5454.55,6145.24,1059.27,7490.4,2.856,86.7,17.08
2018-02-01,68.6,5454.55,6145.24,1059.27,7490.4,2.856,86.7,10.12
2018-02-01,68.6,5454.55,6145.24,1059.27,7490.4,2.856,86.7,15.06
2018-03-01,64.23,5262.56,5759.86,1018.44,7175.6,2.698,79.2,21.18
2018-03-01,64.23,5262.56,5759.86,1018.44,7175.6,2.698,79.2,15.09
2018-03-01,64.23,5262.56,5759.86,1018.44,7175.6,2.698,79.2,12.92
2018-03-01,64.23,5262.56,5759.86,1018.44,7175.6,2.698,79.2,17.65
2018-03-01,64.23,5262.56,5759.86,1018.44,7175.6,2.698,79.2,13.27
2018-03-01,64.23,5262.56,5759.86,1018.44,7175.6,2.698,79.2,20.12
2018-03-01,64.23,5262.56,5759.86,1018.44,7175.6,2.698,79.2,7.81
2018-03-01,64.23,5262.56,5759.86,1018.44,7175.6,2.698,79.2,20.63
2018-06-01,74.54,5465.53,5860.01,1059.77,7701.8,2.962,94.75,15.9
2018-06-01,74.54,5465.53,5860.01,1059.77,7701.8,2.962,94.75,12.96
2018-06-01,74.54,5465.53,5860.01,1059.77,7701.8,2.962,94.75,19.99
2018-06-01,74.54,5465.53,5860.01,1059.77,7701.8,2.962,94.75,21.44
2018-06-01,74.54,5465.53,5860.01,1059.77,7701.8,2.962,94.75,15.69
2018-06-01,74.54,5465.53,5860.01,1059.77,7701.8,2.962,94.75,10.45
2018-06-01,74.54,5465.53,5860.01,1059.77,7701.8,2.962,94.75,8.78
2018-06-01,74.54,5465.53,5860.01,1059.77,7701.8,2.962,94.75,17.55
2018-06-01,74.54,5465.53,5860.01,1059.77,7701.8,2.962,94.75,17.57
2018-08-01,72.28,5498.37,5867.16,1075.85,7652.9,2.758,95.15,15.79
2018-08-01,72.28,5498.37,5867.16,1075.85,7652.9,2.758,95.15,9.1
2018-08-01,72.28,5498.37,5867.16,1075.85,7652.9,2.758,95.15,11.1
2018-08-01,72.28,5498.37,5867.16,1075.85,7652.9,2.758,95.15,21.94
2018-08-01,72.28,5498.37,5867.16,1075.85,7652.9,2.758,95.15,13.56
2018-08-01,72.28,5498.37,5867.16,1075.85,7652.9,2.758,95.15,17.38
2018-08-01,72.28,5498.37,5867.16,1075.85,7652.9,2.758,95.15,19.56
2018-08-01,72.28,5498.37,5867.16,1075.85,7652.9,2.758,95.15,7.64
2018-10-01,84.94,5506.82,5683.81,1063.39,7495.7,3.094,102.6,17.87
2018-10-01,84.94,5506.82,5683.81,1063.39,7495.7,3.094,102.6,20.86
2018-10-01,84.94,5506.82,5683.81,1063.39,7495.7,3.094,102.6,14.57
2018-10-01,84.94,5506.82,5683.81,1063.39,7495.7,3.094,102.6,25.19
2018-10-01,84.94,5506.82,5683.81,1063.39,7495.7,3.094,102.6,7.87
2018-10-01,84.94,5506.82,5683.81,1063.39,7495.7,3.094,102.6,19.46
2018-10-01,84.94,5506.82,5683.81,1063.39,7495.7,3.094,102.6,16.04
2018-10-01,84.94,5506.82,5683.81,1063.39,7495.7,3.094,102.6,13.35
2018-11-01,71.25,5085.78,5282.83,987.44,7114.7,3.237,93.7,24.13
2018-11-01,71.25,5085.78,5282.83,987.44,7114.7,3.237,93.7,20.16
2018-11-01,71.25,5085.78,5282.83,987.44,7114.7,3.237,93.7,7.8
2018-11-01,71.25,5085.78,5282.83,987.44,7114.7,3.237,93.7,16.31
2018-11-01,71.25,5085.78,5282.83,987.44,7114.7,3.237,93.7,15.46
2018-11-01,71.25,5085.78,5282.83,987.44,7114.7,3.237,93.7,14.6
2018-11-01,71.25,5085.78,5282.83,987.44,7114.7,3.237,93.7,13.4
2018-11-01,71.25,5085.78,5282.83,987.44,7114.7,3.237,93.7,19.87
2019-02-01,61.86,5019.26,5132.12,978.22,7020.2,2.734,77.75,25.18
2019-02-01,61.86,5019.26,5132.12,978.22,7020.2,2.734,77.75,29.23
2019-02-01,61.86,5019.26,5132.12,978.22,7020.2,2.734,77.75,26.69
2019-02-01,61.86,5019.26,5132.12,978.22,7020.2,2.734,77.75,25.06
2019-02-01,61.86,5019.26,5132.12,978.22,7020.2,2.734,77.75,24.63
2019-02-01,61.86,5019.26,5132.12,978.22,7020.2,2.734,77.75,21.95
2019-02-01,61.86,5019.26,5132.12,978.22,7020.2,2.734,77.75,24.33
2019-02-01,61.86,5019.26,5132.12,978.22,7020.2,2.734,77.75,24.19
2019-03-01,63.71,5265.19,5323.72,1025.26,7106.7,2.859,74.6,23.67
2019-03-01,63.71,5265.19,5323.72,1025.26,7106.7,2.859,74.6,23.24
2019-03-01,63.71,5265.19,5323.72,1025.26,7106.7,2.859,74.6,25.22
2019-03-01,63.71,5265.19,5323.72,1025.26,7106.7,2.859,74.6,26.48
2019-03-01,63.71,5265.19,5323.72,1025.26,7106.7,2.859,74.6,23.08
2019-03-01,63.71,5265.19,5323.72,1025.26,7106.7,2.859,74.6,25.13
2019-03-01,63.71,5265.19,5323.72,1025.26,7106.7,2.859,74.6,23.1
2019-03-01,63.71,5265.19,5323.72,1025.26,7106.7,2.859,74.6,24.0
2019-04-01,69.08,5405.53,5345.5,1052.7,7317.4,2.708,60.7,24.74
2019-04-01,69.08,5405.53,5345.5,1052.7,7317.4,2.708,60.7,25.98
2019-04-01,69.08,5405.53,5345.5,1052.7,7317.4,2.708,60.7,25.63
2019-04-01,69.08,5405.53,5345.5,1052.7,7317.4,2.708,60.7,24.49
2019-04-01,69.08,5405.53,5345.5,1052.7,7317.4,2.708,60.7,25.52
2019-04-01,69.08,5405.53,5345.5,1052.7,7317.4,2.708,60.7,23.03
2019-04-01,69.08,5405.53,5345.5,1052.7,7317.4,2.708,60.7,23.54
2019-04-01,69.08,5405.53,5345.5,1052.7,7317.4,2.708,60.7,22.92
2019-04-01,69.08,5405.53,5345.5,1052.7,7317.4,2.708,60.7,24.38
2019-04-01,69.08,5405.53,5345.5,1052.7,7317.4,2.708,60.7,22.94
2019-07-01,65.1,5567.91,5589.98,1078.17,7497.5,2.267,54.55,26.33
2019-07-01,65.1,5567.91,5589.98,1078.17,7497.5,2.267,54.55,22.09
2019-07-01,65.1,5567.91,5589.98,1078.17,7497.5,2.267,54.55,23.41
2019-07-01,65.1,5567.91,5589.98,1078.17,7497.5,2.267,54.55,23.17
2019-07-01,65.1,5567.91,5589.98,1078.17,7497.5,2.267,54.55,28.25
2019-07-01,65.1,5567.91,5589.98,1078.17,7497.5,2.267,54.55,24.94
2019-07-01,65.1,5567.91,5589.98,1078.17,7497.5,2.267,54.55,24.44
2019-07-01,65.1,5567.91,5589.98,1078.17,7497.5,2.267,54.55,23.34
2019-08-01,62.9,5557.41,5470.23,1086.88,7584.9,2.202,59.5,28.51
2019-08-01,62.9,5557.41,5470.23,1086.88,7584.9,2.202,59.5,22.68
2019-08-01,62.9,5557.41,5470.23,1086.88,7584.9,2.202,59.5,22.53
2019-08-01,62.9,5557.41,5470.23,1086.88,7584.9,2.202,59.5,24.25
2019-08-01,62.9,5557.41,5470.23,1086.88,7584.9,2.202,59.5,26.78
2019-08-01,62.9,5557.41,5470.23,1086.88,7584.9,2.202,59.5,24.84
2019-08-01,62.9,5557.41,5470.23,1086.88,7584.9,2.202,59.5,22.24
2019-08-01,62.9,5557.41,5470.23,1086.88,7584.9,2.202,59.5,22.91
2019-08-01,62.9,5557.41,5470.23,1086.88,7584.9,2.202,59.5,26.83
2019-10-01,60.06,5597.63,5472.5,1084.71,7360.3,2.283,60.0,24.94
2019-10-01,60.06,5597.63,5472.5,1084.71,7360.3,2.283,60.0,23.26
2019-10-01,60.06,5597.63,5472.5,1084.71,7360.3,2.283,60.0,25.55
2019-10-01,60.06,5597.63,5472.5,1084.71,7360.3,2.283,60.0,26.72
2019-10-01,60.06,5597.63,5472.5,1084.71,7360.3,2.283,60.0,21.95
2019-10-01,60.06,5597.63,5472.5,1084.71,7360.3,2.283,60.0,28.16
2019-10-01,60.06,5597.63,5472.5,1084.71,7360.3,2.283,60.0,26.07
2019-10-01,60.06,5597.63,5472.5,1084.71,7360.3,2.283,60.0,25.13
2019-11-01,60.17,5761.89,5783.62,1103.74,7302.4,2.714,58.7,26.27
2019-11-01,60.17,5761.89,5783.62,1103.74,7302.4,2.714,58.7,24.48
2019-11-01,60.17,5761.89,5783.62,1103.74,7302.4,2.714,58.7,22.6
2019-11-01,60.17,5761.89,5783.62,1103.74,7302.4,2.714,58.7,22.18
2019-11-01,60.17,5761.89,5783.62,1103.74,7302.4,2.714,58.7,24.93
2019-11-01,60.17,5761.89,5783.62,1103.74,7302.4,2.714,58.7,27.26
2019-11-01,60.17,5761.89,5783.62,1103.74,7302.4,2.714,58.7,22.27
2019-11-01,60.17,5761.89,5783.62,1103.74,7302.4,2.714,58.7,24.91
2019-11-01,60.17,5761.89,5783.62,1103.74,7302.4,2.714,58.7,24.44
2019-11-01,60.17,5761.89,5783.62,1103.74,7302.4,2.714,58.7,28.26
2020-04-01,14.97,4207.24,4243.12,827.86,5454.6,1.587,48.1,26.78
2020-04-01,14.97,4207.24,4243.12,827.86,5454.6,1.587,48.1,30.11
2020-04-01,14.97,4207.24,4243.12,827.86,5454.6,1.587,48.1,22.14
2020-04-01,14.97,4207.24,4243.12,827.86,5454.6,1.587,48.1,23.3
2020-04-01,14.97,4207.24,4243.12,827.86,5454.6,1.587,48.1,19.29
2020-04-01,14.97,4207.24,4243.12,827.86,5454.6,1.587,48.1,27.34
2020-04-01,14.97,4207.24,4243.12,827.86,5454.6,1.587,48.1,23.8
2020-04-01,14.97,4207.24,4243.12,827.86,5454.6,1.587,48.1,25.11
2020-07-01,42.18,4926.94,5330.75,977.13,6158.0,1.671,49.95,29.62
2020-07-01,42.18,4926.94,5330.75,977.13,6158.0,1.671,49.95,27.04
2020-07-01,42.18,4926.94,5330.75,977.13,6158.0,1.671,49.95,19.48
2020-07-01,42.18,4926.94,5330.75,977.13,6158.0,1.671,49.95,26.38
2020-07-01,42.18,4926.94,5330.75,977.13,6158.0,1.671,49.95,24.47
2020-07-01,42.18,4926.94,5330.75,977.13,6158.0,1.671,49.95,26.9
2020-07-01,42.18,4926.94,5330.75,977.13,6158.0,1.671,49.95,29.36
2020-07-01,42.18,4926.94,5330.75,977.13,6158.0,1.671,49.95,20.44
2020-07-01,42.18,4926.94,5330.75,977.13,6158.0,1.671,49.95,23.26
2020-09-01,45.72,4938.1,5623.37,981.28,5862.1,2.527,52.7,27.19
2020-09-01,45.72,4938.1,5623.37,981.28,5862.1,2.527,52.7,25.71
2020-09-01,45.72,4938.1,5623.37,981.28,5862.1,2.527,52.7,26.55
2020-09-01,45.72,4938.1,5623.37,981.28,5862.1,2.527,52.7,21.01
2020-09-01,45.72,4938.1,5623.37,981.28,5862.1,2.527,52.7,23.25
2020-09-01,45.72,4938.1,5623.37,981.28,5862.1,2.527,52.7,28.58
2020-09-01,45.72,4938.1,5623.37,981.28,5862.1,2.527,52.7,22.42
2020-09-01,45.72,4938.1,5623.37,981.28,5862.1,2.527,52.7,29.7
2020-09-01,45.72,4938.1,5623.37,981.28,5862.1,2.527,52.7,24.58
2020-10-01,39.75,4824.04,5510.1,964.0,5879.5,2.527,58.65,24.07
2020-10-01,39.75,4824.04,5510.1,964.0,5879.5,2.527,58.65,26.23
2020-10-01,39.75,4824.04,5510.1,964.0,5879.5,2.527,58.65,30.9
2020-10-01,39.75,4824.04,5510.1,964.0,5879.5,2.527,58.65,26.68
2020-10-01,39.75,4824.04,5510.1,964.0,5879.5,2.527,58.65,22.85
2020-10-01,39.75,4824.04,5510.1,964.0,5879.5,2.527,58.65,28.4
2020-10-01,39.75,4824.04,5510.1,964.0,5879.5,2.527,58.65,28.98
2020-10-01,39.75,4824.04,5510.1,964.0,5879.5,2.527,58.65,23.11
2020-10-01,39.75,4824.04,5510.1,964.0,5879.5,2.527,58.65,24.12
2020-12-01,47.03,5581.64,5791.85,1100.71,6384.7,2.88,61.35,25.87
2020-12-01,47.03,5581.64,5791.85,1100.71,6384.7,2.88,61.35,22.49
2020-12-01,47.03,5581.64,5791.85,1100.71,6384.7,2.88,61.35,18.46
2020-12-01,47.03,5581.64,5791.85,1100.71,6384.7,2.88,61.35,23.83
2020-12-01,47.03,5581.64,5791.85,1100.71,6384.7,2.88,61.35,25.94
2020-12-01,47.03,5581.64,5791.85,1100.71,6384.7,2.88,61.35,25.92
2020-12-01,47.03,5581.64,5791.85,1100.71,6384.7,2.88,61.35,21.93
2021-02-01,56.42,5461.68,5893.36,1100.99,6466.4,2.85,65.0,61.48
2021-02-01,56.42,5461.68,5893.36,1100.99,6466.4,2.85,65.0,57.29
2021-02-01,56.42,5461.68,5893.36,1100.99,6466.4,2.85,65.0,38.29
2021-02-01,56.42,5461.68,5893.36,1100.99,6466.4,2.85,65.0,51.32
2021-02-01,56.42,5461.68,5893.36,1100.99,6466.4,2.85,65.0,54.38
2021-02-01,56.42,5461.68,5893.36,1100.99,6466.4,2.85,65.0,59.46
2021-02-01,56.42,5461.68,5893.36,1100.99,6466.4,2.85,65.0,79.86
2021-02-01,56.42,5461.68,5893.36,1100.99,6466.4,2.85,65.0,34.93
2021-03-01,64.56,5792.79,6046.64,1144.02,6588.5,2.777,65.1,54.14
2021-03-01,64.56,5792.79,6046.64,1144.02,6588.5,2.777,65.1,61.28
2021-03-01,64.56,5792.79,6046.64,1144.02,6588.5,2.777,65.1,78.25
2021-03-01,64.56,5792.79,6046.64,1144.02,6588.5,2.777,65.1,37.41
2021-03-01,64.56,5792.79,6046.64,1144.02,6588.5,2.777,65.1,50.17
2021-03-01,64.56,5792.79,6046.64,1144.02,6588.5,2.777,65.1,59.82
2021-03-01,64.56,5792.79,6046.64,1144.02,6588.5,2.777,65.1,49.33
2021-03-01,64.56,5792.79,6046.64,1144.02,6588.5,2.777,65.1,37.39
2021-04-01,63.85,6102.96,6509.88,1206.44,6737.3,2.639,70.2,63.4
2021-04-01,63.85,6102.96,6509.88,1206.44,6737.3,2.639,70.2,55.41
2021-04-01,63.85,6102.96,6509.88,1206.44,6737.3,2.639,70.2,37.23
2021-04-01,63.85,6102.96,6509.88,1206.44,6737.3,2.639,70.2,59.86
2021-04-01,63.85,6102.96,6509.88,1206.44,6737.3,2.639,70.2,38.1
2021-04-01,63.85,6102.96,6509.88,1206.44,6737.3,2.639,70.2,49.9
2021-04-01,63.85,6102.96,6509.88,1206.44,6737.3,2.639,70.2,33.58
2021-04-01,63.85,6102.96,6509.88,1206.44,6737.3,2.639,70.2,48.52
2021-06-01,70.03,6489.4,6590.28,1258.58,7080.5,3.104,95.1,49.84
2021-06-01,70.03,6489.4,6590.28,1258.58,7080.5,3.104,95.1,59.12
2021-06-01,70.03,6489.4,6590.28,1258.58,7080.5,3.104,95.1,56.61
2021-06-01,70.03,6489.4,6590.28,1258.58,7080.5,3.104,95.1,44.17
2021-06-01,70.03,6489.4,6590.28,1258.58,7080.5,3.104,95.1,81.25
2021-06-01,70.03,6489.4,6590.28,1258.58,7080.5,3.104,95.1,53.96
2021-06-01,70.03,6489.4,6590.28,1258.58,7080.5,3.104,95.1,62.27
2021-06-01,70.03,6489.4,6590.28,1258.58,7080.5,3.104,95.1,33.53
2021-07-01,76.69,6553.82,6600.33,1270.95,7125.2,3.661,119.95,52.56
2021-07-01,76.69,6553.82,6600.33,1270.95,7125.2,3.661,119.95,50.35
2021-07-01,76.69,6553.82,6600.33,1270.95,7125.2,3.661,119.95,61.95
2021-07-01,76.69,6553.82,6600.33,1270.95,7125.2,3.661,119.95,51.39
2021-07-01,76.69,6553.82,6600.33,1270.95,7125.2,3.661,119.95,84.91
2021-07-01,76.69,6553.82,6600.33,1270.95,7125.2,3.661,119.95,60.37
2021-07-01,76.69,6553.82,6600.33,1270.95,7125.2,3.661,119.95,43.79
2021-07-01,76.69,6553.82,6600.33,1270.95,7125.2,3.661,119.95,34.66
2021-09-01,71.99,6758.69,6688.79,1322.54,7149.8,4.615,154.0,80.2
2021-09-01,71.99,6758.69,6688.79,1322.54,7149.8,4.615,154.0,38.21
2021-09-01,71.99,6758.69,6688.79,1322.54,7149.8,4.615,154.0,60.41
2021-09-01,71.99,6758.69,6688.79,1322.54,7149.8,4.615,154.0,40.58
2021-09-01,71.99,6758.69,6688.79,1322.54,7149.8,4.615,154.0,43.58
2021-09-01,71.99,6758.69,6688.79,1322.54,7149.8,4.615,154.0,62.69
2021-09-01,71.99,6758.69,6688.79,1322.54,7149.8,4.615,154.0,54.2
2021-09-01,71.99,6758.69,6688.79,1322.54,7149.8,4.615,154.0,56.57
2021-09-01,71.99,6758.69,6688.79,1322.54,7149.8,4.615,154.0,53.43
2021-10-01,79.4,6517.69,6404.29,1275.94,7027.1,5.619,233.05,60.86
2021-10-01,79.4,6517.69,6404.29,1275.94,7027.1,5.619,233.05,83.73
2021-10-01,79.4,6517.69,6404.29,1275.94,7027.1,5.619,233.05,57.36
2021-10-01,79.4,6517.69,6404.29,1275.94,7027.1,5.619,233.05,63.16
2021-10-01,79.4,6517.69,6404.29,1275.94,7027.1,5.619,233.05,41.47
2021-10-01,79.4,6517.69,6404.29,1275.94,7027.1,5.619,233.05,39.28
2021-10-01,79.4,6517.69,6404.29,1275.94,7027.1,5.619,233.05,52.12
2021-10-01,79.4,6517.69,6404.29,1275.94,7027.1,5.619,233.05,53.7
2021-11-01,84.51,6893.29,6678.88,1352.1,7288.6,5.186,125.95,34.43
2021-11-01,84.51,6893.29,6678.88,1352.1,7288.6,5.186,125.95,41.85
2021-11-01,84.51,6893.29,6678.88,1352.1,7288.6,5.186,125.95,52.59
2021-11-01,84.51,6893.29,6678.88,1352.1,7288.6,5.186,125.95,52.92
2021-11-01,84.51,6893.29,6678.88,1352.1,7288.6,5.186,125.95,38.71
2021-11-01,84.51,6893.29,6678.88,1352.1,7288.6,5.186,125.95,63.7
2021-11-01,84.51,6893.29,6678.88,1352.1,7288.6,5.186,125.95,59.15
2021-11-01,84.51,6893.29,6678.88,1352.1,7288.6,5.186,125.95,57.73
2021-12-01,69.53,6881.87,6537.91,1326.74,7168.7,4.258,123.1,55.17
2021-12-01,69.53,6881.87,6537.91,1326.74,7168.7,4.258,123.1,44.42
2021-12-01,69.53,6881.87,6537.91,1326.74,7168.7,4.258,123.1,34.56
2021-12-01,69.53,6881.87,6537.91,1326.74,7168.7,4.258,123.1,58.93
2021-12-01,69.53,6881.87,6537.91,1326.74,7168.7,4.258,123.1,63.27
2021-12-01,69.53,6881.87,6537.91,1326.74,7168.7,4.258,123.1,56.21
2021-12-01,69.53,6881.87,6537.91,1326.74,7168.7,4.258,123.1,39.97
2021-12-01,69.53,6881.87,6537.91,1326.74,7168.7,4.258,123.1,42.77
2021-12-01,69.53,6881.87,6537.91,1326.74,7168.7,4.258,123.1,51.65
2022-02-01,90.24,7099.49,6597.52,1337.19,7535.8,4.751,155.0,81.66
2022-02-01,90.24,7099.49,6597.52,1337.19,7535.8,4.751,155.0,87.67
2022-02-01,90.24,7099.49,6597.52,1337.19,7535.8,4.751,155.0,68.26
2022-02-01,90.24,7099.49,6597.52,1337.19,7535.8,4.751,155.0,85.98
2022-02-01,90.24,7099.49,6597.52,1337.19,7535.8,4.751,155.0,82.65
2022-02-01,90.24,7099.49,6597.52,1337.19,7535.8,4.751,155.0,93.76
2022-02-01,90.24,7099.49,6597.52,1337.19,7535.8,4.751,155.0,76.7
2022-02-01,90.24,7099.49,6597.52,1337.19,7535.8,4.751,155.0,77.45
2022-03-01,110.93,6396.49,5858.04,1229.68,7330.2,4.598,315.0,83.71
2022-03-01,110.93,6396.49,5858.04,1229.68,7330.2,4.598,315.0,94.38
2022-03-01,110.93,6396.49,5858.04,1229.68,7330.2,4.598,315.0,65.94
2022-03-01,110.93,6396.49,5858.04,1229.68,7330.2,4.598,315.0,67.09
2022-03-01,110.93,6396.49,5858.04,1229.68,7330.2,4.598,315.0,86.5
2022-03-01,110.93,6396.49,5858.04,1229.68,7330.2,4.598,315.0,76.28
2022-03-01,110.93,6396.49,5858.04,1229.68,7330.2,4.598,315.0,87.78
2022-03-01,110.93,6396.49,5858.04,1229.68,7330.2,4.598,315.0,83.63
2022-04-01,106.13,6684.31,6082.55,1275.21,7537.9,5.72,265.4,66.92
2022-04-01,106.13,6684.31,6082.55,1275.21,7537.9,5.72,265.4,84.29
2022-04-01,106.13,6684.31,6082.55,1275.21,7537.9,5.72,265.4,76.36
2022-04-01,106.13,6684.31,6082.55,1275.21,7537.9,5.72,265.4,87.9
2022-04-01,106.13,6684.31,6082.55,1275.21,7537.9,5.72,265.4,83.9
2022-04-01,106.13,6684.31,6082.55,1275.21,7537.9,5.72,265.4,64.79
2022-04-01,106.13,6684.31,6082.55,1275.21,7537.9,5.72,265.4,96.03
2022-04-01,106.13,6684.31,6082.55,1275.21,7537.9,5.72,265.4,78.34
2022-04-01,106.13,6684.31,6082.55,1275.21,7537.9,5.72,265.4,84.55
2022-06-01,122.2,6418.89,5872.5,1229.02,7533.0,8.696,326.15,69.57
2022-06-01,122.2,6418.89,5872.5,1229.02,7533.0,8.696,326.15,81.08
2022-06-01,122.2,6418.89,5872.5,1229.02,7533.0,8.696,326.15,68.96
2022-06-01,122.2,6418.89,5872.5,1229.02,7533.0,8.696,326.15,82.94
2022-06-01,122.2,6418.89,5872.5,1229.02,7533.0,8.696,326.15,91.14
2022-06-01,122.2,6418.89,5872.5,1229.02,7533.0,8.696,326.15,87.69
2022-06-01,122.2,6418.89,5872.5,1229.02,7533.0,8.696,326.15,77.02
2022-06-01,122.2,6418.89,5872.5,1229.02,7533.0,8.696,326.15,86.4
2022-07-01,119.21,5931.06,5242.18,1146.51,7168.7,5.73,338.5,85.09
2022-07-01,119.21,5931.06,5242.18,1146.51,7168.7,5.73,338.5,68.71
2022-07-01,119.21,5931.06,5242.18,1146.51,7168.7,5.73,338.5,77.49
2022-07-01,119.21,5931.06,5242.18,1146.51,7168.7,5.73,338.5,96.28
2022-07-01,119.21,5931.06,5242.18,1146.51,7168.7,5.73,338.5,88.07
2022-07-01,119.21,5931.06,5242.18,1146.51,7168.7,5.73,338.5,69.85
2022-07-01,119.21,5931.06,5242.18,1146.51,7168.7,5.73,338.5,79.78
2022-07-01,119.21,5931.06,5242.18,1146.51,7168.7,5.73,338.5,84.64
2022-07-01,119.21,5931.06,5242.18,1146.51,7168.7,5.73,338.5,57.93
2022-07-01,119.21,5931.06,5242.18,1146.51,7168.7,5.73,338.5,80.98
2022-08-01,106.09,6436.86,5514.9,1252.07,7413.4,8.283,353.3,79.49
2022-08-01,106.09,6436.86,5514.9,1252.07,7413.4,8.283,353.3,79.93
2022-08-01,106.09,6436.86,5514.9,1252.07,7413.4,8.283,353.3,76.06
2022-08-01,106.09,6436.86,5514.9,1252.07,7413.4,8.283,353.3,96.48
2022-08-01,106.09,6436.86,5514.9,1252.07,7413.4,8.283,353.3,83.53
2022-08-01,106.09,6436.86,5514.9,1252.07,7413.4,8.283,353.3,68.12
2022-08-01,106.09,6436.86,5514.9,1252.07,7413.4,8.283,353.3,82.51
2022-08-01,106.09,6436.86,5514.9,1252.07,7413.4,8.283,353.3,88.67
2022-08-01,106.09,6436.86,5514.9,1252.07,7413.4,8.283,353.3,66.93
2022-09-01,92.24,6034.31,5165.16,1176.57,7148.5,9.262,363.0,72.76
2022-09-01,92.24,6034.31,5165.16,1176.57,7148.5,9.262,363.0,72.78
2022-09-01,92.24,6034.31,5165.16,1176.57,7148.5,9.262,363.0,65.72
2022-09-01,92.24,6034.31,5165.16,1176.57,7148.5,9.262,363.0,86.62
2022-09-01,92.24,6034.31,5165.16,1176.57,7148.5,9.262,363.0,80.68
2022-09-01,92.24,6034.31,5165.16,1176.57,7148.5,9.262,363.0,85.65
2022-09-01,92.24,6034.31,5165.16,1176.57,7148.5,9.262,363.0,90.4
2022-09-01,92.24,6034.31,5165.16,1176.57,7148.5,9.262,363.0,87.84
2022-11-01,95.12,6328.25,5454.88,1205.29,7186.2,5.714,226.95,77.79
2022-11-01,95.12,6328.25,5454.88,1205.29,7186.2,5.714,226.95,76.39
2022-11-01,95.12,6328.25,5454.88,1205.29,7186.2,5.714,226.95,75.84
2022-11-01,95.12,6328.25,5454.88,1205.29,7186.2,5.714,226.95,84.07
2022-11-01,95.12,6328.25,5454.88,1205.29,7186.2,5.714,226.95,88.45
2022-11-01,95.12,6328.25,5454.88,1205.29,7186.2,5.714,226.95,66.34
2022-11-01,95.12,6328.25,5454.88,1205.29,7186.2,5.714,226.95,81.03
2022-11-01,95.12,6328.25,5454.88,1205.29,7186.2,5.714,226.95,92.5
2022-11-01,95.12,6328.25,5454.88,1205.29,7186.2,5.714,226.95,87.27
2022-12-01,86.28,6753.97,5923.7,1292.77,7558.5,6.738,266.0,85.37
2022-12-01,86.28,6753.97,5923.7,1292.77,7558.5,6.738,266.0,90.17
2022-12-01,86.28,6753.97,5923.7,1292.77,7558.5,6.738,266.0,88.58
2022-12-01,86.28,6753.97,5923.7,1292.77,7558.5,6.738,266.0,87.87
2022-12-01,86.28,6753.97,5923.7,1292.77,7558.5,6.738,266.0,71.44
2022-12-01,86.28,6753.97,5923.7,1292.77,7558.5,6.738,266.0,79.75
2022-12-01,86.28,6753.97,5923.7,1292.77,7558.5,6.738,266.0,66.71
2022-12-01,86.28,6753.97,5923.7,1292.77,7558.5,6.738,266.0,78.84
2023-02-01,81.61,7077.11,6205.95,1327.87,7761.1,2.468,142.1,83.85
2023-02-01,81.61,7077.11,6205.95,1327.87,7761.1,2.468,142.1,86.63
2023-02-01,81.61,7077.11,6205.95,1327.87,7761.1,2.468,142.1,77.38
2023-02-01,81.61,7077.11,6205.95,1327.87,7761.1,2.468,142.1,90.23
2023-02-01,81.61,7077.11,6205.95,1327.87,7761.1,2.468,142.1,82.53
2023-02-01,81.61,7077.11,6205.95,1327.87,7761.1,2.468,142.1,80.8
2023-02-01,81.61,7077.11,6205.95,1327.87,7761.1,2.468,142.1,90.19
2023-02-01,81.61,7077.11,6205.95,1327.87,7761.1,2.468,142.1,78.61
2023-03-01,83.68,7234.25,6238.15,1344.02,7914.9,2.811,143.85,83.86
2023-03-01,83.68,7234.25,6238.15,1344.02,7914.9,2.811,143.85,90.44
2023-03-01,83.68,7234.25,6238.15,1344.02,7914.9,2.811,143.85,77.64
2023-03-01,83.68,7234.25,6238.15,1344.02,7914.9,2.811,143.85,89.07
2023-03-01,83.68,7234.25,6238.15,1344.02,7914.9,2.811,143.85,86.33
2023-03-01,83.68,7234.25,6238.15,1344.02,7914.9,2.811,143.85,79.65
2023-03-01,83.68,7234.25,6238.15,1344.02,7914.9,2.811,143.85,93.88
2023-03-01,83.68,7234.25,6238.15,1344.02,7914.9,2.811,143.85,83.28
2023-03-01,83.68,7234.25,6238.15,1344.02,7914.9,2.811,143.85,81.13
2023-06-01,74.18,7137.43,6281.84,1328.3,7490.3,2.158,87.45,88.07
2023-06-01,74.18,7137.43,6281.84,1328.3,7490.3,2.158,87.45,94.74
2023-06-01,74.18,7137.43,6281.84,1328.3,7490.3,2.158,87.45,82.79
2023-06-01,74.18,7137.43,6281.84,1328.3,7490.3,2.158,87.45,75.84
2023-06-01,74.18,7137.43,6281.84,1328.3,7490.3,2.158,87.45,89.9
2023-06-01,74.18,7137.43,6281.84,1328.3,7490.3,2.158,87.45,85.05
2023-06-01,74.18,7137.43,6281.84,1328.3,7490.3,2.158,87.45,80.46
2023-06-01,74.18,7137.43,6281.84,1328.3,7490.3,2.158,87.45,68.82
2023-06-01,74.18,7137.43,6281.84,1328.3,7490.3,2.158,87.45,75.14
2023-06-01,74.18,7137.43,6281.84,1328.3,7490.3,2.158,87.45,80.05
2023-08-01,85.34,7406.08,6426.44,1387.71,7666.3,2.56,107.4,68.63
2023-08-01,85.34,7406.08,6426.44,1387.71,7666.3,2.56,107.4,75.7
2023-08-01,85.34,7406.08,6426.44,1387.71,7666.3,2.56,107.4,83.71
2023-08-01,85.34,7406.08,6426.44,1387.71,7666.3,2.56,107.4,80.65
2023-08-01,85.34,7406.08,6426.44,1387.71,7666.3,2.56,107.4,82.32
2023-08-01,85.34,7406.08,6426.44,1387.71,7666.3,2.56,107.4,94.7
2023-08-01,85.34,7406.08,6426.44,1387.71,7666.3,2.56,107.4,87.52
2023-08-01,85.34,7406.08,6426.44,1387.71,7666.3,2.56,107.4,83.44
2023-09-01,89.98,7296.77,6268.39,1355.17,7464.5,2.765,117.0,95.31
2023-09-01,89.98,7296.77,6268.39,1355.17,7464.5,2.765,117.0,83.03
2023-09-01,89.98,7296.77,6268.39,1355.17,7464.5,2.765,117.0,77.38
2023-09-01,89.98,7296.77,6268.39,1355.17,7464.5,2.765,117.0,85.06
2023-09-01,89.98,7296.77,6268.39,1355.17,7464.5,2.765,117.0,85.06
2023-09-01,89.98,7296.77,6268.39,1355.17,7464.5,2.765,117.0,88.22
2023-09-01,89.98,7296.77,6268.39,1355.17,7464.5,2.765,117.0,79.14
2023-09-01,89.98,7296.77,6268.39,1355.17,7464.5,2.765,117.0,81.75
2023-11-01,86.92,6932.63,5905.34,1294.67,7342.4,3.494,122.5,67.28
2023-11-01,86.92,6932.63,5905.34,1294.67,7342.4,3.494,122.5,85.82
2023-11-01,86.92,6932.63,5905.34,1294.67,7342.4,3.494,122.5,95.49
2023-11-01,86.92,6932.63,5905.34,1294.67,7342.4,3.494,122.5,84.12
2023-11-01,86.92,6932.63,5905.34,1294.67,7342.4,3.494,122.5,76.56
2023-11-01,86.92,6932.63,5905.34,1294.67,7342.4,3.494,122.5,80.8
2023-11-01,86.92,6932.63,5905.34,1294.67,7342.4,3.494,122.5,86.59
2023-11-01,86.92,6932.63,5905.34,1294.67,7342.4,3.494,122.5,85.81
2023-12-01,78.72,7346.15,6488.71,1367.83,7529.4,2.814,117.4,68.21
2023-12-01,78.72,7346.15,6488.71,1367.83,7529.4,2.814,117.4,93.99
2023-12-01,78.72,7346.15,6488.71,1367.83,7529.4,2.814,117.4,86.65
2023-12-01,78.72,7346.15,6488.71,1367.83,7529.4,2.814,117.4,85.23
2023-12-01,78.72,7346.15,6488.71,1367.83,7529.4,2.814,117.4,77.81
2023-12-01,78.72,7346.15,6488.71,1367.83,7529.4,2.814,117.4,80.23
2023-12-01,78.72,7346.15,6488.71,1367.83,7529.4,2.814,117.4,84.88
2023-12-01,78.72,7346.15,6488.71,1367.83,7529.4,2.814,117.4,86.09
2024-02-01,82.2,7588.75,6671.35,1418.98,7622.2,2.05,95.35,68.83
2024-02-01,82.2,7588.75,6671.35,1418.98,7622.2,2.05,95.35,75.96
2024-02-01,82.2,7588.75,6671.35,1418.98,7622.2,2.05,95.35,70.58
2024-02-01,82.2,7588.75,6671.35,1418.98,7622.2,2.05,95.35,72.51
2024-02-01,82.2,7588.75,6671.35,1418.98,7622.2,2.05,95.35,70.43
2024-02-01,82.2,7588.75,6671.35,1418.98,7622.2,2.05,95.35,58.72
2024-02-01,82.2,7588.75,6671.35,1418.98,7622.2,2.05,95.35,62.6
2024-02-01,82.2,7588.75,6671.35,1418.98,7622.2,2.05,95.35,70.67
2024-02-01,82.2,7588.75,6671.35,1418.98,7622.2,2.05,95.35,63.4
2024-03-01,84.82,7934.17,6994.48,1467.75,7682.5,1.835,106.25,68.16
2024-03-01,84.82,7934.17,6994.48,1467.75,7682.5,1.835,106.25,74.57
2024-03-01,84.82,7934.17,6994.48,1467.75,7682.5,1.835,106.25,70.76
2024-03-01,84.82,7934.17,6994.48,1467.75,7682.5,1.835,106.25,72.01
2024-03-01,84.82,7934.17,6994.48,1467.75,7682.5,1.835,106.25,77.35
2024-03-01,84.82,7934.17,6994.48,1467.75,7682.5,1.835,106.25,68.49
2024-03-01,84.82,7934.17,6994.48,1467.75,7682.5,1.835,106.25,57.41
2024-03-01,84.82,7934.17,6994.48,1467.75,7682.5,1.835,106.25,62.76
2024-07-01,86.57,7561.13,7026.77,1496.86,8166.8,2.478,105.85,59.16
2024-07-01,86.57,7561.13,7026.77,1496.86,8166.8,2.478,105.85,71.39
2024-07-01,86.57,7561.13,7026.77,1496.86,8166.8,2.478,105.85,61.76
2024-07-01,86.57,7561.13,7026.77,1496.86,8166.8,2.478,105.85,66.04
2024-07-01,86.57,7561.13,7026.77,1496.86,8166.8,2.478,105.85,62.41
2024-07-01,86.57,7561.13,7026.77,1496.86,8166.8,2.478,105.85,70.98
2024-07-01,86.57,7561.13,7026.77,1496.86,8166.8,2.478,105.85,70.57
2024-08-01,81.37,7370.45,6947.02,1463.53,8283.4,1.968,120.8,60.29
2024-08-01,81.37,7370.45,6947.02,1463.53,8283.4,1.968,120.8,58.39
2024-08-01,81.37,7370.45,6947.02,1463.53,8283.4,1.968,120.8,68.02
2024-08-01,81.37,7370.45,6947.02,1463.53,8283.4,1.968,120.8,63.51
2024-08-01,81.37,7370.45,6947.02,1463.53,8283.4,1.968,120.8,71.06
2024-08-01,81.37,7370.45,6947.02,1463.53,8283.4,1.968,120.8,60.78
2024-08-01,81.37,7370.45,6947.02,1463.53,8283.4,1.968,120.8,72.42
2024-08-01,81.37,7370.45,6947.02,1463.53,8283.4,1.968,120.8,71.69
2024-08-01,81.37,7370.45,6947.02,1463.53,8283.4,1.968,120.8,68.99
2024-10-01,75.3,7574.07,7381.17,1482.27,8276.7,2.896,118.25,64.92
2024-10-01,75.3,7574.07,7381.17,1482.27,8276.7,2.896,118.25,67.96
2024-10-01,75.3,7574.07,7381.17,1482.27,8276.7,2.896,118.25,62.87
2024-10-01,75.3,7574.07,7381.17,1482.27,8276.7,2.896,118.25,70.8
2024-10-01,75.3,7574.07,7381.17,1482.27,8276.7,2.896,118.25,68.18
2024-10-01,75.3,7574.07,7381.17,1482.27,8276.7,2.896,118.25,71.91
2024-10-01,75.3,7574.07,7381.17,1482.27,8276.7,2.896,118.25,65.0
2024-10-01,75.3,7574.07,7381.17,1482.27,8276.7,2.896,118.25,69.99
2024-11-01,73.63,7409.11,7397.24,1459.66,8177.2,2.663,119.1,67.92
2024-11-01,73.63,7409.11,7397.24,1459.66,8177.2,2.663,119.1,70.75
2024-11-01,73.63,7409.11,7397.24,1459.66,8177.2,2.663,119.1,67.57
2024-11-01,73.63,7409.11,7397.24,1459.66,8177.2,2.663,119.1,70.63
2024-11-01,73.63,7409.11,7397.24,1459.66,8177.2,2.663,119.1,66.4
2024-11-01,73.63,7409.11,7397.24,1459.66,8177.2,2.663,119.1,56.21
2024-11-01,73.63,7409.11,7397.24,1459.66,8177.2,2.663,119.1,68.37
2024-11-01,73.63,7409.11,7397.24,1459.66,8177.2,2.663,119.1,64.62
2024-11-01,73.63,7409.11,7397.24,1459.66,8177.2,2.663,119.1,68.03
