date,eu_ets,brent_crude,euronext100,ngh,rot_coal
2005-04-25,17.15,53.305,682.6600000000001,7.2425,
2005-05-02,16.4625,51.2775,672.98,6.8285,
2005-05-09,16.410000000000004,49.812,682.012,6.6262,
2005-05-16,16.69,48.038,681.764,6.6382,
2005-05-23,17.8,47.154,693.116,6.456,
2005-05-30,19.4375,48.915,699.905,6.335,
2005-06-06,19.240000000000002,51.114,707.104,6.7978,
2005-06-13,19.509999999999998,51.775999999999996,711.664,7.072799999999999,
2005-06-20,20.75,55.19199999999999,716.448,7.562600000000001,
2005-06-27,23.14,57.232000000000006,719.946,7.4402,
2005-07-04,25.97,56.414,726.366,7.078,
2005-07-11,28.79,57.778,732.23,7.5116,
2005-07-18,25.610000000000003,57.46,742.196,7.858,
2005-07-25,20.81,56.644000000000005,749.866,7.466800000000001,
2005-08-01,21.32,59.10600000000001,753.63,7.756600000000001,
2005-08-08,20.55,60.815999999999995,756.52,8.5168,
2005-08-15,22.14,65.28,762.6519999999999,9.242,
2005-08-22,22.380000000000003,64.068,755.928,9.381,
2005-08-29,22.9375,65.63,746.4175,9.841999999999999,
2005-09-05,24.0,65.97,748.7940000000001,11.64475,
2005-09-12,23.69,62.54600000000001,759.844,11.299800000000001,
2005-09-19,22.14,61.886,762.04,11.4144,
2005-09-26,21.869999999999997,63.166,764.964,12.877799999999999,
2005-10-03,22.57,62.146,777.728,13.8708,
2005-10-10,23.419999999999998,58.0,775.0699999999999,13.5966,
2005-10-17,23.25,59.15,763.234,13.750399999999999,
2005-10-24,22.1,57.720000000000006,748.094,13.4496,
2005-10-31,21.8,58.664,745.762,13.493199999999998,
2005-11-07,21.46,58.688,760.854,11.688199999999998,
2005-11-14,22.619999999999997,55.970000000000006,770.406,12.269200000000001,
2005-11-21,22.19,53.626,777.802,12.4116,
2005-11-28,20.7,53.48199999999999,786.3340000000001,11.914333333333333,
2005-12-05,20.39,54.220000000000006,792.744,12.9882,
2005-12-12,21.4,56.303999999999995,802.78,14.267199999999999,
2005-12-19,21.330000000000002,58.524,804.758,14.372200000000001,
2005-12-26,20.875,56.427499999999995,812.6775,13.47925,
2006-01-02,21.0375,57.1525,815.4175,11.32525,
2006-01-09,22.509999999999998,61.876,829.662,9.8628,
2006-01-16,22.9,62.146,835.182,9.215250000000001,
2006-01-23,25.259999999999998,63.988,823.374,9.097,
2006-01-30,25.619999999999997,63.89,834.6959999999999,8.7596,
2006-02-06,26.77,63.636,848.1899999999999,8.5988,
2006-02-13,25.72,60.396,849.186,7.5262,
2006-02-20,26.15,58.222,858.052,7.1240000000000006,
2006-02-27,26.360000000000003,59.26800000000001,870.7760000000001,7.395999999999999,
2006-03-06,26.4,61.45399999999999,865.982,6.708799999999999,
2006-03-13,26.28,59.412,865.7239999999999,6.794,
2006-03-20,26.3,62.684000000000005,882.4459999999999,7.247,
2006-03-27,26.330000000000002,61.664,891.064,7.256,
2006-04-03,26.79,65.696,895.3960000000001,7.356199999999999,
2006-04-10,27.99,67.112,896.03,6.9462,
2006-04-17,28.8125,69.4725,881.8733333333333,7.107,
2006-04-24,29.49,72.826,896.442,8.1842,
2006-05-01,17.77,72.726,901.9225,6.9562,
2006-05-08,12.14,71.9,900.966,6.7458,
2006-05-15,12.27,70.524,893.4379999999999,6.7124,
2006-05-22,16.080000000000002,67.404,841.744,6.3826,
2006-05-29,18.55,68.9525,842.955,6.234999999999999,
2006-06-05,16.34,68.74199999999999,841.5780000000001,6.408200000000001,
2006-06-12,14.430000000000001,67.786,815.13,6.1892,
2006-06-19,14.66,65.728,800.412,6.9136,
2006-06-26,15.169999999999998,69.02,818.556,6.5468,
2006-07-03,15.49,72.636,832.652,6.17775,
2006-07-10,16.03,73.14,846.3120000000001,5.64,
2006-07-17,16.61,74.53200000000001,829.644,6.0902,
2006-07-24,16.7,72.91,830.412,6.1664,
2006-07-31,16.31,74.062,855.9780000000001,7.2010000000000005,
2006-08-07,15.830000000000002,76.92999999999999,859.476,7.3636,
2006-08-14,15.540000000000001,76.17,861.146,7.4982,
2006-08-21,15.790000000000001,72.076,880.8520000000001,6.8709999999999996,69.5
2006-08-28,16.380000000000003,71.32000000000001,880.14,7.1,69.6
2006-09-04,15.87,68.186,889.5200000000001,6.27275,68.03999999999999
2006-09-11,16.34,64.51599999999999,877.132,5.8192,66.25
2006-09-18,16.16,61.19199999999999,886.476,5.4306,65.03
2006-09-25,13.8,59.516000000000005,891.088,5.970000000000001,64.65
2006-10-02,12.36,58.94,905.36,5.6258,64.92999999999999
2006-10-09,12.129999999999999,57.236000000000004,910.5200000000001,6.1816,63.83
2006-10-16,12.51,58.122,922.932,6.1002,65.12
2006-10-23,12.78,58.176,924.0459999999999,7.2696,66.52000000000001
2006-10-30,11.870000000000001,57.836,930.9399999999999,7.9148,67.86
2006-11-06,10.76,56.465999999999994,925.7379999999999,7.6868,68.45
2006-11-13,9.12,57.989999999999995,942.284,8.0362,68.03999999999999
2006-11-20,8.75,57.952,946.74,8.4726,67.06800000000001
2006-11-27,8.8,59.826,936.052,8.2935,66.31
2006-12-04,7.87,63.284000000000006,920.7139999999999,8.5004,67.81
2006-12-11,7.109999999999999,63.35600000000001,932.14,7.6456,68.35
2006-12-18,6.529999999999999,62.608000000000004,953.4380000000001,7.5658,68.24
2006-12-25,6.675,62.3425,955.0899999999999,7.04625,68.025
2007-01-01,6.5875,59.69,962.3766666666667,6.3925,67.9875
2007-01-08,4.6899999999999995,55.068000000000005,966.2379999999999,6.3875,66.55
2007-01-15,3.78,51.746,969.9100000000001,6.6675,66.6
2007-01-22,3.95,51.986000000000004,972.814,6.7176,67.77000000000001
2007-01-29,3.14,54.94199999999999,973.8520000000001,7.1892,69.25
2007-02-05,2.12,56.71,982.0899999999999,7.609399999999999,68.32000000000001
2007-02-12,1.4,57.272000000000006,988.068,7.649800000000001,68.88
2007-02-19,1.06,55.798,994.7120000000001,7.4052500000000006,68.38
2007-02-26,0.89,58.598,996.366,7.7288,68.45
2007-03-05,0.96,60.510000000000005,953.8539999999999,7.323600000000001,69.5
2007-03-12,1.1600000000000001,60.510000000000005,957.6020000000001,7.2994,70.53
2007-03-19,1.15,60.846000000000004,946.106,7.067,70.53999999999999
2007-03-26,0.99,61.878,980.8799999999999,7.3018,71.55
2007-04-02,1.138,67.0,989.0,7.6594,74.31
2007-04-09,0.8150000000000001,68.41333333333334,1009.06,7.5235,73.46666666666667
2007-04-16,0.74,67.982,1017.4439999999998,7.7958,70.83
2007-04-23,0.5860000000000001,66.148,1029.6239799999998,7.6006,71.4125
2007-04-30,0.562,67.47999999999999,1035.89202,7.757000000000001,71.69
2007-05-07,0.534,65.13199999999999,1050.4025,7.8224,71.84
2007-05-14,0.352,64.54400000000001,1047.184,7.941599999999999,72.69
2007-05-21,0.28,68.284,1050.6799800000001,8.107800000000001,72.47999999999999
2007-05-28,0.28200000000000003,70.836,1060.502,7.8925,72.4125
2007-06-04,0.272,68.936,1065.3,7.9352,73.86
2007-06-11,0.262,70.822,1043.3580200000001,7.848000000000001,75.19
2007-06-18,0.182,70.588,1054.6399999999999,7.741200000000001,75.8
2007-06-25,0.11400000000000002,71.586,1062.916,7.3718,77.522
2007-07-02,0.124,72.066,1058.106,6.8554,79.3
2007-07-09,0.128,75.76,1070.962,6.5565,75.99
2007-07-16,0.134,77.97,1069.038,6.6532,77.1
2007-07-23,0.128,78.28200000000001,1063.59002,6.4878,78.46000000000001
2007-07-30,0.118,76.204,1019.0139999999999,6.1584,79.19
2007-08-06,0.1,75.662,1000.7879999999999,6.1894,83.22
2007-08-13,0.098,70.42,991.18,6.5242,85.53
2007-08-20,0.11000000000000001,69.506,957.1659999999999,6.8294,85.95
2007-08-27,0.11000000000000001,68.536,980.8520000000001,5.7988,85.82000000000001
2007-09-03,0.10400000000000001,71.666,990.89,5.61125,88.38
2007-09-10,0.098,75.03999999999999,986.2360000000001,5.6952,91.62
2007-09-17,0.076,77.49600000000001,984.6120000000001,6.554399999999999,91.67
2007-09-24,0.076,78.146,1008.6120000000001,7.0548,94.05
2007-10-01,0.078,78.24199999999999,1013.3060000000002,6.994400000000001,99.44
2007-10-08,0.08,77.7,1030.32398,7.206999999999999,102.99000000000001
2007-10-15,0.07,79.964,1042.93398,7.0336,107.72999999999999
2007-10-22,0.07,84.334,1031.308,7.491200000000001,113.6
2007-10-29,0.07,85.152,1032.566,7.7452,127.75
2007-11-05,0.078,90.874,1030.2400000000002,8.281,127.25
2007-11-12,0.096,93.424,1001.5139999999999,7.963800000000001,127.75999999999999
2007-11-19,0.088,90.744,982.742,8.225,127.03
2007-11-26,0.074,94.892,967.088,7.93,127.0
2007-12-03,0.042,90.75399999999999,987.952,7.4542,125.1
2007-12-10,0.03,88.984,1000.3040000000001,7.1714,125.49600000000001
2007-12-17,0.026000000000000002,90.842,996.682,7.203,128.2
2007-12-24,0.026000000000000002,91.074,985.0319999999999,7.2501999999999995,127.52000000000001
2007-12-31,0.025,95.08666666666666,996.4066666666668,7.30825,126.975
2008-01-07,0.0225,96.63,976.0225,7.811,129.0125
2008-01-14,0.02,94.074,955.9040000000001,8.1438,130.55
2008-01-21,0.02,89.25399999999999,894.54,8.039,128.75
2008-01-28,0.02,88.946,852.7059999999999,7.801400000000001,124.3
2008-02-04,0.02,91.806,874.332,7.9342,138.65
2008-02-11,0.018,90.452,843.664,8.174000000000001,138.55
2008-02-18,0.02,95.622,861.22,8.568,142.4
2008-02-25,0.02,97.186,865.1700000000001,9.051599999999999,143.3
2008-03-03,0.012,99.978,864.336,9.2934,145.85
2008-03-10,0.01,102.602,831.2059999999999,9.7258,145.24
2008-03-17,0.01,107.50399999999999,820.1020000000001,9.841800000000001,142.63
2008-03-24,0.01,102.59333333333332,809.64,9.252,140.5
2008-03-31,0.014000000000000002,102.328,831.4960000000001,9.7568,129.78
2008-04-07,23.308,101.60799999999999,867.5219999999999,9.6172,127.4
2008-04-14,24.204,107.07000000000001,859.75,9.961,132.87
2008-04-21,24.874000000000002,111.03,866.6360000000001,10.5408,139.05
2008-04-28,24.844,115.21,878.868,11.0164,143.51
2008-05-05,24.0325,111.05,891.87,10.755749999999999,143.3
2008-05-12,25.162,121.28599999999999,895.598,11.3156,149.1
2008-05-19,24.875999999999998,122.444,901.406,11.2934,152.25
2008-05-26,25.927999999999997,128.192,889.182,11.73925,155.75
2008-06-02,26.32,128.706,882.6,11.812000000000001,171.4
2008-06-09,27.04,127.52000000000001,870.8639999999999,12.4832,172.8
2008-06-16,27.162,134.012,838.95,12.6902,177.85
2008-06-23,27.512,132.20999999999998,816.652,13.0916,184.28
2008-06-30,28.072000000000003,136.31199999999998,788.722,13.158199999999999,206.85
2008-07-07,27.983999999999998,141.754,760.5939999999999,13.362,215.8
2008-07-14,26.603999999999996,137.996,740.976,12.1074,215.15
2008-07-21,25.22,132.43400000000003,733.7819999999999,10.8984,211.5
2008-07-28,24.78,125.968,756.8399999999999,9.5106,191.14000000000001
2008-08-04,22.195999999999998,123.672,752.266,9.1224,189.25
2008-08-11,22.402,114.296,774.4559999999999,8.5334,184.9
2008-08-18,23.438,109.922,776.726,8.2232,189.48
2008-08-25,24.363999999999997,111.742,759.924,8.102,194.275
2008-09-01,25.036,112.03600000000002,774.362,8.247,193.89000000000001
2008-09-08,24.482,103.16399999999999,764.5699999999999,7.3646,187.7
2008-09-15,23.125999999999998,95.154,745.524,7.3831999999999995,176.2
2008-09-22,23.894,91.34400000000001,717.042,7.7202,163.69
2008-09-29,24.404,100.02000000000001,712.4399999999999,7.7664,160.49
2008-10-06,22.694,89.65,681.788,7.367999999999999,148.2
2008-10-13,22.288,78.908,594.1120000000001,6.7116,132.2
2008-10-20,22.3,67.896,575.828,6.7097999999999995,122.05999999999999
2008-10-27,19.669999999999998,62.782000000000004,552.45,6.6972,109.95
2008-11-03,18.078,60.81,572.392,6.6492,102.85
2008-11-10,18.576,58.786,599.754,7.0904,110.63
2008-11-17,17.66,52.013999999999996,556.9680000000001,6.5702,97.56
2008-11-24,15.738,47.532,523.4639999999999,6.6262,88.61
2008-12-01,15.75,48.522,539.8720000000001,6.5945,80.97999999999999
2008-12-08,14.713999999999999,42.184000000000005,530.234,6.0192,76.15
2008-12-15,14.738,42.010000000000005,548.246,5.6114,79.56
2008-12-22,15.431999999999999,40.326,543.696,5.5548,80.15
2008-12-29,15.333333333333334,34.626666666666665,531.65,5.928333333333334,81.3
2009-01-05,15.2625,39.955,556.605,5.881,82.55
2009-01-12,14.428,44.251999999999995,568.024,5.6898,84.75
2009-01-19,12.604,42.266000000000005,526.066,4.947,79.91
2009-01-26,11.422,42.934000000000005,504.73,4.5988,76.85
2009-02-02,11.452,43.196000000000005,520.646,4.483,75.08
2009-02-09,10.058,44.494,532.466,4.666600000000001,77.22999999999999
2009-02-16,8.459999999999999,44.54,518.828,4.5095,77.06
2009-02-23,9.559999999999999,40.983999999999995,489.428,4.14,72.51
2009-03-02,9.82,42.94199999999999,465.966,4.13,58.55
2009-03-09,11.104000000000001,44.254,441.912,4.104,57.010000000000005
2009-03-16,11.84,43.894,463.39,3.883,57.4
2009-03-23,11.714,47.978,474.66,4.0708,59.760000000000005
2009-03-30,10.734,50.906,483.99399999999997,4.073600000000001,64.09
2009-04-06,11.940000000000001,48.866,493.96400000000006,3.7572,65.67999999999999
2009-04-13,12.58,51.669999999999995,499.1233333333333,3.6006666666666667,66.71666666666667
2009-04-20,13.518,51.25600000000001,513.36,3.6754,65.95
2009-04-27,13.251999999999999,48.888,516.3675000000001,3.5119999999999996,59.69
2009-05-04,13.842000000000002,50.833999999999996,535.3725,3.4974000000000003,59.9875
2009-05-11,14.722,55.374,557.242,4.039199999999999,60.855999999999995
2009-05-18,14.276,56.489999999999995,547.626,4.2622,61.94
2009-05-25,14.766,58.4,559.49,3.8725,62.525
2009-06-01,14.838,63.076,565.114,3.8644,66.826
2009-06-08,13.968,67.376,567.904,3.8590000000000004,69.05
2009-06-15,12.874,70.056,563.714,3.8822,69.05
2009-06-22,12.819999999999999,69.208,544.3199999999999,4.147799999999999,63.955999999999996
2009-06-29,13.196000000000002,68.3,542.544,3.9902,61.965999999999994
2009-07-06,13.048000000000002,66.15799999999999,541.228,3.683,63.7
2009-07-13,13.744,59.42,522.618,3.3652,66.10999999999999
2009-07-20,14.244,62.386,548.78,3.6068,68.4
2009-07-27,14.306000000000001,67.59,571.948,3.825,67.62
2009-08-03,13.8,69.224,584.752,3.7323999999999997,67.70599999999999
2009-08-10,14.302000000000001,74.164,598.05,3.8202,69.53
2009-08-17,14.282,71.87,598.5020000000001,3.5098,70.72
2009-08-24,15.02,72.654,608.088,3.3636000000000004,71.33
2009-08-31,15.081999999999999,71.268,631.74,3.1596,71.3375
2009-09-07,15.11,67.168,620.156,2.693,67.49
2009-09-14,14.796000000000001,68.718,642.142,3.0298000000000003,67.67
2009-09-21,13.86,69.086,659.824,3.9229999999999996,68.06
2009-09-28,13.241999999999999,66.42,657.784,4.7896,69.0
2009-10-05,13.169999999999998,65.866,649.042,4.7774,70.58
2009-10-12,13.764,68.96600000000001,662.412,4.8793999999999995,72.67
2009-10-19,14.312000000000001,73.31,673.808,4.6244,73.11
2009-10-26,14.548000000000002,77.356,668.924,5.3148,73.87
2009-11-02,14.466,75.89,641.778,5.0558,75.15
2009-11-09,14.191999999999998,76.92,643.826,4.7387999999999995,76.09
2009-11-16,13.540000000000001,76.238,663.2819999999999,4.5446,77.42999999999999
2009-11-23,13.282,77.24,660.5260000000001,4.766,77.92999999999999
2009-11-30,12.952000000000002,76.454,650.62,4.99225,77.31
2009-12-07,13.957999999999998,77.464,663.034,4.6616,76.77000000000001
2009-12-14,14.232,72.146,660.3979999999999,5.161,76.38
2009-12-21,13.538,72.112,668.88,5.658799999999999,78.7
2009-12-28,12.606666666666667,73.55333333333334,678.4066666666666,5.784666666666666,81.45
2010-01-04,12.5275,77.8075,688.1,5.75125,84.8
2010-01-11,12.626000000000001,80.036,699.14,5.731,93.97
2010-01-18,13.174000000000001,77.604,692.738,5.634,85.98
2010-01-25,13.232,73.862,677.2760000000001,5.5968,84.13
2010-02-01,12.996,71.762,660.302,5.2714,81.05
2010-02-08,12.99,72.148,649.954,5.441,77.17
2010-02-15,13.081999999999999,71.314,638.326,5.3614999999999995,74.12
2010-02-22,12.754,76.03,656.106,5.1598,74.89
2010-03-01,12.862,76.05,652.454,4.7854,75.65
2010-03-08,13.132,78.436,677.242,4.632,73.58
2010-03-15,12.922,78.99199999999999,686.424,4.4896,71.87
2010-03-22,12.919999999999998,79.256,691.242,4.263,73.46000000000001
2010-03-29,12.698,78.742,698.414,4.0438,73.21000000000001
2010-04-05,12.850000000000001,81.735,702.5266666666666,4.0512500000000005,74.98333333333333
2010-04-12,13.478,84.03,711.158,4.0204,78.05
2010-04-19,14.104,84.81,710.444,4.082,76.33
2010-04-26,14.822,85.334,704.116,4.2028,81.69
2010-05-03,15.508000000000001,86.256,681.348,4.1126000000000005,87.55
2010-05-10,15.666,80.494,647.23,4.0236,90.35999999999999
2010-05-17,15.498,77.482,657.84,4.3708,88.41
2010-05-24,14.906,71.322,630.4860000000001,4.2096,89.72999999999999
2010-05-31,15.232,71.456,626.196,4.232,90.9125
2010-06-07,15.156,72.382,634.1220000000001,4.615,91.33
2010-06-14,15.585999999999999,73.566,636.766,4.7838,97.38000000000001
2010-06-21,15.588,76.902,665.482,5.0398,95.64000000000001
2010-06-28,15.222,76.268,652.29,4.8162,92.6
2010-07-05,15.219999999999999,72.94800000000001,614.298,4.67625,93.89
2010-07-12,14.530000000000001,74.032,635.862,4.4872,93.22
2010-07-19,14.052000000000001,76.088,646.354,4.4546,92.91
2010-07-26,13.922,76.964,647.11,4.5708,92.5
2010-08-02,13.962,78.042,663.43,4.763,92.97
2010-08-09,14.319999999999999,82.61600000000001,672.4799999999999,4.55,94.82000000000001
2010-08-16,14.38,76.81,653.74,4.3036,92.88
2010-08-23,14.672,74.648,647.71,4.195,92.21000000000001
2010-08-30,15.202000000000002,73.412,631.382,3.8630000000000004,91.125
2010-09-06,15.530000000000001,75.58000000000001,653.9799999999999,3.817,91.242
2010-09-13,15.437999999999999,77.438,668.95,3.851,90.72200000000001
2010-09-20,15.206,78.61800000000001,675.698,4.046200000000001,91.89
2010-09-27,15.047999999999998,78.036,675.65,4.0488,93.88
2010-10-04,15.472,80.962,670.972,3.8618,95.99000000000001
2010-10-11,15.604,83.798,678.934,3.6954000000000002,96.73400000000001
2010-10-18,15.55,82.958,687.138,3.6774,98.28999999999999
2010-10-25,15.053999999999998,81.348,693.4280000000001,3.7794,100.03
2010-11-01,14.866,82.678,693.018,3.8578,103.94000000000001
2010-11-08,14.506,86.214,701.7280000000001,3.9173999999999998,104.39000000000001
2010-11-15,14.728,87.098,698.824,4.114,105.42999999999999
2010-11-22,14.898000000000001,83.31,691.554,4.224600000000001,105.97
2010-11-29,15.056000000000001,84.776,676.07,4.353,109.35
2010-12-06,14.778,89.17,675.412,4.3258,117.82000000000001
2010-12-13,14.622,90.078,697.4100000000001,4.4542,118.04
2010-12-20,14.187999999999999,91.09400000000001,701.1659999999999,4.1784,119.10999999999999
2010-12-27,13.931999999999999,93.476,705.984,4.14,124.625
2011-01-03,13.982,93.71799999999999,699.454,4.3936,131.1
2011-01-10,14.282,94.568,702.356,4.4734,127.65
2011-01-17,14.157999999999998,97.832,710.674,4.47775,127.88
2011-01-24,14.266,97.224,716.5,4.611,120.92999999999999
2011-01-31,14.636,97.062,719.622,4.4106000000000005,114.94000000000001
2011-02-07,14.556000000000001,100.452,726.5440000000001,4.305400000000001,120.4
2011-02-14,14.552000000000001,100.64,732.22,3.9942,117.83
2011-02-21,14.658000000000001,103.08400000000002,736.88,3.9495,118.17999999999999
2011-02-28,15.108,110.848,724.37,3.9513999999999996,119.16
2011-03-07,15.307999999999998,115.388,722.676,3.841,121.45
2011-03-14,15.457999999999998,113.72,710.598,3.9326,123.45
2011-03-21,16.554000000000002,113.05999999999999,682.39,4.1486,126.39000000000001
2011-03-28,16.404,115.61800000000001,706.374,4.4016,128.02
2011-04-04,16.762,117.314,718.538,4.3316,127.64000000000001
2011-04-11,16.580000000000002,124.30799999999999,721.342,4.1166,128.88
2011-04-18,16.363999999999997,122.61800000000001,707.824,4.1586,128.17000000000002
2011-04-25,16.5075,123.08333333333333,710.4666666666667,4.39625,127.78333333333335
2011-05-02,16.726,125.68,725.432,4.5628,127.31666666666666
2011-05-09,16.676,116.878,718.408,4.4042,126.58
2011-05-16,16.490000000000002,114.63,719.46,4.298,121.79
2011-05-23,16.128,111.30199999999999,709.5020000000001,4.2712,121.65
2011-05-30,16.270000000000003,114.225,703.194,4.423,120.7625
2011-06-06,16.516000000000002,115.624,700.922,4.7246,122.50999999999999
2011-06-13,16.342000000000002,118.744,687.118,4.751,124.71
2011-06-20,15.686000000000002,115.13199999999999,682.086,4.4564,123.75999999999999
2011-06-27,13.413999999999998,108.648,680.984,4.3008,121.17999999999999
2011-07-04,13.238,110.498,700.3,4.3385,122.6
2011-07-11,12.790000000000001,115.782,699.926,4.2412,123.42999999999999
2011-07-18,12.156,117.66199999999999,671.3720000000001,4.4201999999999995,122.84
2011-07-25,12.74,118.44200000000001,681.5,4.4134,123.97999999999999
2011-08-01,12.294,117.31800000000001,672.238,4.2452,125.10999999999999
2011-08-08,11.07,109.992,611.3639999999999,4.0124,126.15
2011-08-15,11.934000000000001,106.47,580.228,4.0378,125.3
2011-08-22,12.404,109.524,578.4399999999999,3.9188,124.82000000000001
2011-08-29,12.998000000000001,112.332,575.1360000000001,3.901,124.1625
2011-09-05,12.764,115.83,586.108,3.97125,125.85999999999999
2011-09-12,12.038,115.726,560.47,3.9316000000000004,125.59
2011-09-19,12.026,114.60799999999999,558.454,3.9864000000000006,123.33
2011-09-26,11.374,110.98600000000002,544.932,3.8196,122.08
2011-10-03,10.632,106.83399999999999,561.7139999999999,3.7408,121.47
2011-10-10,10.396,105.208,565.094,3.5656,118.71
2011-10-17,10.484,112.272,592.1899999999999,3.7564,118.21
2011-10-24,10.282,111.22200000000001,589.422,3.811,115.55999999999999
2011-10-31,10.309999999999999,110.686,605.0899999999999,3.8739999999999997,117.87
2011-11-07,9.684000000000001,111.104,583.9399999999999,3.8796,116.77000000000001
2011-11-14,9.998000000000001,114.244,583.046,3.7270000000000003,115.22999999999999
2011-11-21,9.559999999999999,109.372,564.408,3.525,114.67999999999999
2011-11-28,8.225999999999999,107.59200000000001,541.644,3.58975,111.72
2011-12-05,7.878,110.21400000000001,583.654,3.5752,112.25999999999999
2011-12-12,7.51,108.838,585.806,3.3872,111.69000000000001
2011-12-19,6.796000000000001,105.60799999999999,564.312,3.1718,110.30999999999999
2011-12-26,8.08,108.515,576.6600000000001,3.18025,111.825
2012-01-02,7.355,107.50666666666666,586.415,3.0717499999999998,110.18333333333334
2012-01-09,6.382,112.22200000000001,595.446,3.0433999999999997,109.55
2012-01-16,6.7620000000000005,111.792,599.51,2.80575,106.02000000000001
2012-01-23,6.831999999999999,109.572,613.9060000000001,2.4758,104.12
2012-01-30,7.552,109.33599999999998,615.9680000000001,2.6986,105.4
2012-02-06,8.292,112.242,627.5519999999999,2.4976,103.16
2012-02-13,7.934,117.85999999999999,631.132,2.461,100.49
2012-02-20,8.49,120.63199999999999,635.508,2.6235,99.96000000000001
2012-02-27,9.004,123.96,639.95,2.7214,101.16
2012-03-05,8.648,124.924,645.076,2.4874,97.41
2012-03-12,8.112,126.742,640.744,2.3456,97.44000000000001
2012-03-19,7.723999999999999,125.92,662.906,2.4292000000000002,96.87
2012-03-26,6.94,124.36399999999999,652.842,2.3899999999999997,97.12
2012-04-02,6.866,124.148,644.0840000000001,2.2006,100.9
2012-04-09,6.4775,124.37666666666667,630.17,2.1310000000000002,98.7375
2012-04-16,6.968000000000001,120.34400000000001,611.87,2.0380000000000003,98.75
2012-04-23,7.244,116.86600000000001,609.786,2.0392,96.88000000000001
2012-04-30,7.25,118.49600000000001,612.918,2.166,93.92999999999999
2012-05-07,6.978,116.1775,611.8525,2.3158000000000003,89.0
2012-05-14,6.694,111.58,597.5379999999999,2.4878,87.78999999999999
2012-05-21,6.496,109.51199999999999,580.346,2.6878,88.76
2012-05-28,6.792,108.11800000000001,580.98,2.727,88.27000000000001
2012-06-04,6.394,102.326,573.408,2.4132000000000002,90.3375
2012-06-11,6.481999999999999,99.202,578.2760000000001,2.3316,87.2875
2012-06-18,6.952,96.536,583.428,2.4188,86.76
2012-06-25,7.702000000000001,91.154,591.8,2.6298000000000004,88.76
2012-07-02,8.05,92.54400000000001,598.136,2.795,90.92999999999999
2012-07-09,8.18,99.962,618.234,2.87575,90.67
2012-07-16,7.720000000000001,100.314,612.096,2.8252,88.8
2012-07-23,7.174000000000001,105.76199999999999,618.772,2.9808,89.89
2012-07-30,6.890000000000001,104.70599999999999,618.362,3.1096,90.67
2012-08-06,7.0280000000000005,107.968,637.912,3.017,94.33
2012-08-13,7.254,113.388,655.582,2.8682,95.62
2012-08-20,7.614,115.24600000000001,659.092,2.7933999999999997,94.53999999999999
2012-08-27,8.044,115.75,656.912,2.7836,94.1
2012-09-03,7.898000000000001,113.468,652.0319999999999,2.71625,92.28999999999999
2012-09-10,8.14,114.056,660.8059999999999,2.7838000000000003,92.89
2012-09-17,7.618,115.97999999999999,669.104,3.089,90.4
2012-09-24,7.436,110.332,666.5060000000001,2.9943999999999997,89.08
2012-10-01,7.776000000000001,111.03,654.014,3.2834000000000003,87.42999999999999
2012-10-08,7.766,111.41199999999999,654.5020000000001,3.4262,87.59
2012-10-15,7.787999999999999,115.356,650.49,3.5286,87.03
2012-10-22,8.048,112.516,665.654,3.8781999999999996,87.05
2012-10-29,7.8420000000000005,108.21199999999999,650.64,3.9159999999999995,86.19
2012-11-05,8.162,108.102,657.8,3.7640000000000002,85.94
2012-11-12,8.453999999999999,108.71,653.0899999999999,3.7055999999999996,87.91
2012-11-19,7.414,109.08399999999999,646.184,3.8596000000000004,88.97
2012-11-26,6.83,110.46600000000001,659.03,3.9665,90.69000000000001
2012-12-03,6.481999999999999,110.03399999999999,667.818,3.6986000000000003,93.17999999999999
2012-12-10,6.422,108.474,676.61,3.5832,91.24
2012-12-17,6.659999999999999,109.316,682.97,3.3874000000000004,89.37
2012-12-24,7.0,109.60999999999999,684.876,3.4554,90.5
2012-12-31,6.7075000000000005,110.4025,681.4466666666667,3.4282500000000002,90.11666666666667
2013-01-07,6.3225,112.77,695.2225,3.26325,89.2375
2013-01-14,5.946,112.13799999999999,691.83,3.2573999999999996,87.45
2013-01-21,5.338,111.72999999999999,698.3520000000001,3.4875,86.97999999999999
2013-01-28,4.434,113.758,704.9159999999999,3.4665999999999997,87.06
2013-02-04,3.872,115.55999999999999,703.1560000000001,3.3096000000000005,86.51
2013-02-11,4.254,117.6,686.882,3.3305999999999996,87.39000000000001
2013-02-18,4.954,118.16,694.0139999999999,3.22925,87.72
2013-02-25,4.83,115.15,698.932,3.3558,89.85
2013-03-04,4.494,111.48800000000001,698.254,3.4722,89.55
2013-03-11,4.1259999999999994,109.732,718.158,3.5886000000000005,87.52000000000001
2013-03-18,3.586,108.39000000000001,724.4860000000001,3.8146,84.81
2013-03-25,4.066000000000001,106.952,717.372,3.9562,81.14000000000001
2013-04-01,4.7475000000000005,108.2075,712.0166666666668,4.0245,79.55
2013-04-08,5.006,105.94200000000001,710.774,4.0046,80.45
2013-04-15,4.536,102.47999999999999,711.408,4.12,81.41
2013-04-22,2.9579999999999997,98.042,696.286,4.3020000000000005,81.99
2013-04-29,3.056,101.37,724.638,4.2592,84.15
2013-05-06,3.316,101.958,732.88,4.1492,83.5625
2013-05-13,3.4840000000000004,103.208,742.384,3.9624,83.42999999999999
2013-05-20,3.5520000000000005,103.38399999999999,752.568,4.0814,82.34
2013-05-27,3.4219999999999997,101.735,752.436,4.26575,82.1
2013-06-03,3.7700000000000005,101.952,746.432,4.0812,79.9
2013-06-10,3.9579999999999997,103.372,725.866,3.8908,77.25
2013-06-17,4.458,103.77799999999999,717.338,3.7942,74.71000000000001
2013-06-24,4.372,102.72999999999999,702.47,3.8728000000000002,74.76
2013-07-01,4.306,102.11,701.89,3.6254,74.48
2013-07-08,4.402,106.2,711.042,3.6745,76.74
2013-07-15,4.07,108.518,731.2139999999999,3.654,76.82000000000001
2013-07-22,4.148000000000001,109.36600000000001,736.614,3.7165999999999997,77.37
2013-07-29,4.294,108.25399999999999,742.112,3.6266,77.56
2013-08-05,4.3420000000000005,108.94800000000001,756.418,3.3862,76.16
2013-08-12,4.4399999999999995,108.45,763.588,3.2804,75.21000000000001
2013-08-19,4.332,111.152,770.314,3.3852,75.47999999999999
2013-08-26,4.4079999999999995,111.28399999999999,759.722,3.5225999999999997,75.5875
2013-09-02,4.548,116.148,746.848,3.5885,76.16
2013-09-09,4.902,115.85999999999999,755.082,3.6444,76.39
2013-09-16,5.366,112.35,772.75,3.7171999999999996,77.59
2013-09-23,5.458,109.516,782.1020000000001,3.7688,80.86
2013-09-30,5.322,108.66,781.138,3.5642000000000005,82.35
2013-10-07,5.142,108.99600000000001,777.1719999999999,3.557,81.96000000000001
2013-10-14,4.776,110.398,778.006,3.84,79.52000000000001
2013-10-21,5.04,109.976,793.616,3.9728000000000003,82.45
2013-10-28,4.768,107.58599999999998,798.478,3.8131999999999997,86.65
2013-11-04,4.81,106.922,801.356,3.6406,82.46000000000001
2013-11-11,4.696,104.72,801.934,3.5862000000000003,82.2
2013-11-18,4.548,107.70599999999999,803.2299999999999,3.6628,81.55
2013-11-25,4.43,109.72999999999999,802.558,3.7421999999999995,84.0
2013-12-02,4.45,111.57000000000001,803.654,3.92525,82.92
2013-12-09,4.6579999999999995,111.994,781.226,4.082800000000001,82.76
2013-12-16,4.854,109.15,772.636,4.3134,85.38
2013-12-23,4.862,110.596,783.838,4.3942,84.38
2013-12-30,4.9275,111.4375,803.9,4.40025,81.53333333333333
2014-01-06,4.74,107.79249999999999,803.5975,4.26375,79.85
2014-01-13,4.588,107.276,806.546,4.1338,81.84
2014-01-20,4.944,107.826,815.48,4.2940000000000005,83.95
2014-01-27,5.1659999999999995,109.282,804.558,4.6318,81.87
2014-02-03,5.618,108.4,786.346,5.053,80.39
2014-02-10,6.23,108.46000000000001,787.418,4.938000000000001,78.38
2014-02-17,6.470000000000001,109.08800000000001,812.1,4.71375,78.12
2014-02-24,6.952,109.744,822.2280000000001,4.8382,74.64
2014-03-03,6.572,109.47200000000001,824.048,4.5688,72.82000000000001
2014-03-10,6.8340000000000005,108.54400000000001,825.9100000000001,4.598999999999999,73.49
2014-03-17,6.382,107.756,808.3520000000001,4.447,75.42
2014-03-24,5.958,106.452,813.174,4.36,75.37
2014-03-31,5.159999999999999,106.41600000000001,827.164,4.4406,76.03
2014-04-07,4.894,105.05,840.36,4.404999999999999,76.5
2014-04-14,5.106,107.06800000000001,830.884,4.590999999999999,76.5
2014-04-21,5.535,109.57249999999999,828.8666666666667,4.65125,77.2
2014-04-28,5.4799999999999995,109.09200000000001,838.03,4.737,75.85
2014-05-05,5.34,109.22200000000001,839.68,4.7454,75.275
2014-05-12,5.218,108.258,840.716,4.618,75.11
2014-05-19,4.9399999999999995,110.026,843.4380000000001,4.421,75.21
2014-05-26,5.066,110.55199999999999,846.3979999999999,4.44825,74.9875
2014-06-02,5.151999999999999,109.48600000000002,853.1200000000001,4.5678,74.9
2014-06-09,5.465999999999999,109.226,857.0899999999999,4.665,73.646
2014-06-16,5.538,111.55199999999999,860.926,4.6491999999999996,73.19
2014-06-23,5.666,114.326,859.1200000000001,4.604,72.59
2014-06-30,5.744,112.56800000000001,845.074,4.4872,72.95
2014-07-07,5.872,109.56800000000001,847.662,4.3607499999999995,73.05
2014-07-14,5.772,106.23800000000001,826.574,4.1518,72.56
2014-07-21,6.038,105.58399999999999,825.406,3.9968000000000004,72.94
2014-07-28,6.142,106.54,832.258,3.7926,76.35
2014-08-04,6.174,105.09400000000001,815.952,3.8165999999999998,76.62
2014-08-11,6.09,103.56800000000001,801.0699999999999,3.9265999999999996,77.58
2014-08-18,6.258,101.12,803.822,3.874,77.24
2014-08-25,6.37,100.104,820.894,3.912,76.8875
2014-09-01,6.368,100.76599999999999,837.5880000000001,4.01525,77.03999999999999
2014-09-08,6.268,100.268,849.3,3.845,75.88
2014-09-15,6.05,96.7,847.518,3.9335999999999998,75.47
2014-09-22,5.926,96.806,848.912,3.9852,75.17
2014-09-29,5.782,95.076,838.5899999999999,4.0062,73.67999999999999
2014-10-06,5.74,92.396,827.6600000000001,4.0026,72.53
2014-10-13,6.0,89.62,797.268,3.8863999999999996,72.4
2014-10-20,6.142,84.818,770.484,3.8427999999999995,71.86
2014-10-27,6.29,85.826,793.594,3.7171999999999996,73.17999999999999
2014-11-03,6.386,85.41,807.072,3.853,72.83
2014-11-10,6.65,82.636,813.92,4.2787999999999995,71.86
2014-11-17,6.792,78.694,817.0899999999999,4.258,73.55
2014-11-24,7.014,78.174,832.64,4.450200000000001,74.26
2014-12-01,7.101999999999999,73.74600000000001,848.0379999999999,4.21325,74.22
2014-12-08,6.779999999999999,68.676,852.0380000000001,3.745,72.13
2014-12-15,6.718000000000001,63.168000000000006,815.938,3.7012,71.67
2014-12-22,7.045999999999999,59.218,820.7760000000001,3.5426,71.28
2014-12-29,7.33,58.58,845.89,3.127,68.96666666666667
2015-01-05,7.115,54.3325,830.405,2.967,65.7
2015-01-12,6.786,48.63,822.258,2.8912,60.720000000000006
2015-01-19,7.212000000000001,46.414,852.0959999999999,3.087,58.52
2015-01-26,7.002,46.368,896.2360000000001,2.8786,56.06
2015-02-02,7.022,47.898,909.574,2.7734,57.529999999999994
2015-02-09,6.981999999999999,55.66799999999999,919.548,2.6384,60.23
2015-02-16,7.418000000000001,57.48,927.21,2.74975,62.31
2015-02-23,7.473999999999999,60.21,944.992,2.8752,62.239999999999995
2015-03-02,7.194,60.826,966.374,2.776,62.5
2015-03-09,6.795999999999999,59.702,972.71,2.7678000000000003,61.45
2015-03-16,6.587999999999999,55.174,982.292,2.757,60.089999999999996
2015-03-23,6.843999999999999,53.084,990.9379999999999,2.84,58.1
2015-03-30,6.938,55.048,986.6540000000001,2.7042,58.870000000000005
2015-04-06,7.11,55.22,988.7366666666667,2.652,58.699999999999996
2015-04-13,7.014,56.794000000000004,1015.908,2.5698,58.42
2015-04-20,6.9079999999999995,59.92999999999999,1015.0880000000001,2.6162,59.779999999999994
2015-04-27,7.186,61.74399999999999,1015.4979999999999,2.585,58.95
2015-05-04,7.462000000000001,63.846000000000004,989.374,2.6982,59.7625
2015-05-11,7.542,64.646,975.124,2.8038,59.77
2015-05-18,7.6,65.36800000000001,978.8299999999999,3.0246,59.19
2015-05-25,7.336,64.184,1004.4219999999999,2.96575,58.825
2015-06-01,7.226000000000001,61.83,995.6880000000001,2.7386,57.65
2015-06-08,7.43,61.589999999999996,969.476,2.6506,57.220000000000006
2015-06-15,7.552,63.17,957.46,2.8402000000000003,58.02
2015-06-22,7.438,60.564,951.454,2.8356000000000003,59.260000000000005
2015-06-29,7.478,60.54200000000001,981.768,2.7938,59.39
2015-07-06,7.432,59.988,943.972,2.79825,59.379999999999995
2015-07-13,7.556,56.720000000000006,940.3,2.7548000000000004,58.29
2015-07-20,7.764,56.93000000000001,998.6479999999999,2.8609999999999998,58.27
2015-07-27,7.996,55.284000000000006,988.778,2.8356000000000003,58.239999999999995
2015-08-03,7.946000000000001,53.220000000000006,984.4559999999999,2.7824,57.14
2015-08-10,7.843999999999999,48.352,1002.8979999999999,2.8126,57.27
2015-08-17,8.196000000000002,47.838,967.266,2.8332,55.58
2015-08-24,8.258,44.762,916.89,2.725,54.4
2015-08-31,8.096,44.803999999999995,892.2459999999999,2.6932,54.75
2015-09-07,8.074000000000002,48.378,882.1719999999999,2.6825,54.629999999999995
2015-09-14,8.236,47.486000000000004,883.95,2.7278,53.760000000000005
2015-09-21,8.124,47.69,886.124,2.717,53.82000000000001
2015-09-28,7.984,47.013999999999996,852.7860000000001,2.6504,52.629999999999995
2015-10-05,8.132000000000001,47.67,859.78,2.4888,51.52
2015-10-12,8.222,51.632000000000005,900.508,2.4958,52.3
2015-10-19,8.388,48.306,901.268,2.5552,51.8
2015-10-26,8.538,46.622,925.226,2.5406,51.970000000000006
2015-11-02,8.620000000000001,47.418,940.122,2.2986,52.9
2015-11-09,8.41,46.724000000000004,951.458,2.31,53.239999999999995
2015-11-16,8.434000000000001,43.732,938.7459999999999,2.4921999999999995,53.52
2015-11-23,8.578,42.228,951.7379999999999,2.4135999999999997,52.470000000000006
2015-11-30,8.602,43.658,954.5,2.2675,50.37
2015-12-07,8.512,41.604,935.9280000000001,2.166,48.81
2015-12-14,8.262,38.126,894.842,2.0061999999999998,47.45
2015-12-21,8.156,36.602,898.208,1.8446000000000002,47.72
2015-12-28,8.2675,36.3375,903.1975,2.0815,47.73333333333333
2016-01-04,8.215,36.3475,905.8875,2.31375,47.4875
2016-01-11,7.581999999999999,32.966,866.6879999999999,2.367,47.71
2016-01-18,6.973999999999999,28.544,842.848,2.2145,45.68
2016-01-25,6.306,28.248,835.872,2.1332,45.65
2016-02-01,5.96,32.274,864.0459999999999,2.1894,45.089999999999996
2016-02-08,5.562,32.022000000000006,832.7040000000001,2.0476,44.61
2016-02-15,4.878,30.508000000000003,793.03,2.05875,43.589999999999996
2016-02-22,5.116,32.55,831.528,1.9272000000000002,44.160000000000004
2016-02-29,4.964,33.582,834.76,1.7899999999999998,45.08
2016-03-07,4.965999999999999,36.898,864.7639999999999,1.6829999999999998,45.690000000000005
2016-03-14,4.962000000000001,39.104,864.7379999999999,1.8161999999999998,46.339999999999996
2016-03-21,4.9159999999999995,38.866,871.826,1.9608,46.19
2016-03-28,4.82,39.01,866.5566666666667,1.90575,44.68333333333334
2016-04-04,5.08,36.544,863.106,1.9780000000000002,44.690000000000005
2016-04-11,5.356,38.618,844.894,1.957,44.55
2016-04-18,5.5280000000000005,42.362,878.082,2.029,45.42
2016-04-25,5.7379999999999995,43.306,895.742,2.2060000000000004,45.73
2016-05-02,6.4079999999999995,45.034000000000006,882.984,2.122,45.775000000000006
2016-05-09,5.966,43.518,853.24,2.1003999999999996,46.42
2016-05-16,5.928,46.412,854.408,2.2358000000000002,47.839999999999996
2016-05-23,5.948,48.192,851.6899999999999,2.1834,48.04
2016-05-30,5.952,48.975,882.96,2.16175,49.875
2016-06-06,6.032,48.912,878.2059999999999,2.3876,51.48
2016-06-13,6.014,50.028,864.8620000000001,2.54,50.89
2016-06-20,5.786,47.251999999999995,831.0040000000001,2.6358,53.089999999999996
2016-06-27,5.3100000000000005,47.4,844.6139999999999,2.7362,55.089999999999996
2016-07-04,4.654,47.682,838.932,2.916,55.129999999999995
2016-07-11,4.572,45.168,833.4959999999999,2.7598,56.6
2016-07-18,4.796,45.8,863.608,2.7068000000000003,58.68000000000001
2016-07-25,4.632,44.902,867.1039999999999,2.6848,59.56
2016-08-01,4.462000000000001,41.827999999999996,872.7719999999999,2.7714,62.05
2016-08-08,4.678,41.498000000000005,861.168,2.7852,60.529999999999994
2016-08-15,4.837999999999999,44.444,882.3299999999999,2.5964,61.83
2016-08-22,4.7,48.760000000000005,871.668,2.6696,61.239999999999995
2016-08-29,4.676,48.965999999999994,873.892,2.8646000000000003,59.3625
2016-09-05,4.276,46.721999999999994,884.698,2.8245,61.86
2016-09-12,4.066,47.726,888.142,2.7822000000000005,61.989999999999995
2016-09-19,4.18,45.852,863.1880000000001,2.9972,63.489999999999995
2016-09-26,4.39,46.352,878.466,3.0740000000000003,66.36
2016-10-03,4.933999999999999,47.144,879.058,2.968,71.19
2016-10-10,5.58,50.11,885.434,3.1044,76.17999999999999
2016-10-17,5.656000000000001,49.495999999999995,879.906,3.3108000000000004,75.47999999999999
2016-10-24,5.779999999999999,50.432,893.9399999999999,3.4106,80.82000000000001
2016-10-31,5.868,48.234,889.168,3.0768,83.76
2016-11-07,6.282,43.952,865.908,2.8416,86.06
2016-11-14,5.856,42.892,873.3520000000001,2.8533999999999997,88.84
2016-11-21,5.65,44.832,872.202,2.9474,81.63
2016-11-28,5.196,46.628,878.8299999999999,3.19225,81.58
2016-12-05,4.454,50.112,879.0,3.4524,84.53999999999999
2016-12-12,4.548,52.398,904.868,3.6372,82.59
2016-12-19,4.932,53.166,922.284,3.4766,89.0
2016-12-26,5.84,53.885,930.0325,3.52625,85.1625
2017-01-02,6.338,54.7025,933.662,3.7975000000000003,85.75
2017-01-09,5.351999999999999,54.98,940.7459999999999,3.2536,84.25
2017-01-16,5.162,53.998000000000005,937.682,3.3137499999999998,86.58
2017-01-23,5.154,54.294000000000004,933.048,3.3054,86.47999999999999
2017-01-30,5.062,54.9,933.238,3.3256,83.07
2017-02-06,5.215999999999999,55.584,924.684,3.117,81.59
2017-02-13,5.134,54.30800000000001,931.9200000000001,3.0926,77.96000000000001
2017-02-20,5.034,54.684000000000005,945.574,2.991,77.5
2017-02-27,5.202,55.279999999999994,945.266,2.7242,80.02000000000001
2017-03-06,5.532,54.41799999999999,956.6139999999999,2.821,77.67
2017-03-13,5.206,51.858000000000004,960.6879999999999,2.976,75.55999999999999
2017-03-20,5.11,50.408,967.5319999999999,3.0204,74.82000000000001
2017-03-27,4.848,49.992000000000004,968.066,3.1285999999999996,72.78999999999999
2017-04-03,4.796,51.714,979.9639999999999,3.1834,72.7
2017-04-10,4.8420000000000005,53.827999999999996,985.8799999999999,3.2778,76.67
2017-04-17,4.925,54.83,984.0633333333334,3.20375,75.14999999999999
2017-04-24,4.7299999999999995,51.013999999999996,980.664,3.2228000000000003,75.44
2017-05-01,4.5600000000000005,49.738,1012.6775,3.2332,74.1375
2017-05-08,4.474,47.944,1030.108,3.2094,72.37
2017-05-15,4.433999999999999,48.94,1040.428,3.3644,70.88
2017-05-22,4.726,52.162,1027.81,3.3310000000000004,74.2
2017-05-29,5.0,52.364,1027.692,3.29925,75.7
2017-06-05,5.106,49.434,1024.958,3.041,76.82000000000001
2017-06-12,4.965999999999999,47.062,1018.324,3.0306,77.72999999999999
2017-06-19,4.934,45.932,1016.392,2.9864,78.11
2017-06-26,4.86,44.257999999999996,1017.894,2.952,78.47999999999999
2017-07-03,5.014,47.17,999.258,3.0372,79.05
2017-07-10,5.220000000000001,47.660000000000004,992.586,2.8802499999999998,82.62
2017-07-17,5.396,47.321999999999996,1003.2720000000002,2.9916,82.11
2017-07-24,5.266,48.016000000000005,1001.1299999999999,3.0008,82.08
2017-07-31,5.182,50.786,1003.292,2.9094,82.13
2017-08-07,5.346,51.928,1004.8,2.8009999999999997,81.72999999999999
2017-08-14,5.3740000000000006,51.938,999.642,2.9375999999999998,83.91
2017-08-21,5.732,50.712,999.0899999999999,2.9556,85.47999999999999
2017-08-28,5.964,52.013999999999996,993.7700000000001,2.959,86.55
2017-09-04,5.942,52.398,989.598,3.008,87.15
2017-09-11,6.8,54.20399999999999,999.458,2.9585999999999997,88.84
2017-09-18,6.94,55.803999999999995,1017.814,3.0818,92.2
2017-09-25,6.8759999999999994,57.818,1020.874,3.068,93.16
2017-10-02,6.976000000000001,58.0,1032.0120000000002,3.0002,90.19000000000001
2017-10-09,6.95,56.0,1045.132,2.8908,91.63
2017-10-16,7.372,56.646,1047.592,2.943,91.21000000000001
2017-10-23,7.578,57.815999999999995,1050.878,3.0764,92.8
2017-10-30,7.276000000000001,59.168000000000006,1056.5720000000001,3.0396,92.15
2017-11-06,7.668000000000001,61.762,1070.216,2.9684,94.77000000000001
2017-11-13,7.553999999999999,64.02000000000001,1053.602,3.219,94.91
2017-11-20,7.5,61.20399999999999,1032.51,3.1732,93.31
2017-11-27,7.578,63.06,1038.8439999999998,3.0255,91.14
2017-12-04,7.609999999999999,63.77,1039.83,3.0756,92.8
2017-12-11,7.2780000000000005,63.510000000000005,1042.774,2.8398,94.01
2017-12-18,7.1739999999999995,64.12,1044.922,2.6974,95.13
2017-12-25,7.8675,64.3425,1042.5225,2.64575,94.82499999999999
2018-01-01,8.1575,66.5975,1037.27,2.81325,95.225
2018-01-08,7.748,67.944,1049.24,2.9148,96.39000000000001
2018-01-15,7.81,69.836,1066.6860000000001,2.91575,95.33
2018-01-22,8.426,69.19,1070.618,2.9692,93.10999999999999
2018-01-29,9.138,69.85799999999999,1070.0700000000002,3.112,92.28999999999999
2018-02-05,9.072,67.86,1051.084,2.9278,87.64
2018-02-12,9.104000000000001,64.398,1002.164,2.6588000000000003,81.94
2018-02-19,9.666,63.267999999999994,1008.232,2.61775,83.31
2018-02-26,9.668,66.122,1025.7540000000001,2.6698,86.07000000000001
2018-03-05,10.128,65.588,1016.6619999999999,2.6894,80.36
2018-03-12,10.866,64.87,1022.156,2.7628,81.19
2018-03-19,11.178,64.196,1023.992,2.7348,80.57000000000001
2018-03-26,12.398,68.194,1009.1,2.6634,80.02000000000001
2018-04-02,13.290000000000001,68.59333333333332,1006.8633333333333,2.715,78.89999999999999
2018-04-09,13.034,67.26,1020.144,2.6968,81.34
2018-04-16,13.638,72.01599999999999,1036.154,2.7072,84.13
2018-04-23,13.376,73.89,1049.176,2.755,85.51
2018-04-30,13.396,75.25800000000001,1056.676,2.7986,87.34
2018-05-07,13.169999999999998,74.388,1062.595,2.7468,87.6
2018-05-14,14.258000000000001,76.978,1069.788,2.7934,90.19
2018-05-21,15.091999999999999,78.788,1079.196,2.8612,93.06
2018-05-28,16.082,78.352,1074.74,2.95625,92.38
2018-06-04,15.663999999999998,74.96000000000001,1056.132,2.9264,94.52000000000001
2018-06-11,15.772,74.212,1060.5040000000001,2.911,94.84
2018-06-18,14.87,74.318,1066.16,2.968,97.28
2018-06-25,14.708000000000002,73.70599999999999,1046.194,2.9414,94.91999999999999
2018-07-02,15.056000000000001,76.01599999999999,1039.5059999999999,2.9276,96.60999999999999
2018-07-09,15.59,76.402,1050.0520000000001,2.84825,99.36
2018-07-16,16.08,74.08,1061.794,2.761,100.44
2018-07-23,16.752,71.75399999999999,1067.0220000000002,2.711,98.32000000000001
2018-07-30,17.168,74.308,1075.4379999999999,2.763,95.56
2018-08-06,17.59,72.876,1074.7540000000001,2.8137999999999996,95.1
2018-08-13,17.672,71.038,1072.238,2.9362,96.81
2018-08-20,18.154,69.922,1053.67,2.9416,98.01
2018-08-27,20.272,73.43199999999999,1065.384,2.9286000000000003,97.42999999999999
2018-09-03,20.796,76.756,1067.758,2.8745000000000003,99.53999999999999
2018-09-10,22.060000000000002,76.436,1034.06,2.7939999999999996,100.64
2018-09-17,21.352,78.398,1039.604,2.7956,100.14
2018-09-24,21.61,79.5,1054.99,2.9490000000000003,99.85
2018-10-01,20.98,82.65599999999999,1064.594,3.0392,101.03999999999999
2018-10-08,21.52,85.298,1047.04,3.1942,101.72999999999999
2018-10-15,19.814,82.39,1001.414,3.2350000000000003,98.8
2018-10-22,19.401999999999997,80.314,996.508,3.2886,99.99
2018-10-29,18.576,77.654,968.942,3.2378,99.78
2018-11-05,16.462,73.112,983.9639999999999,3.3072000000000004,95.06
2018-11-12,19.15,69.77000000000001,992.7959999999999,3.6344000000000003,91.30999999999999
2018-11-19,19.381999999999998,65.074,983.45,4.418200000000001,86.92999999999999
2018-11-26,20.182,60.33,963.9680000000001,4.413,83.8
2018-12-03,20.008,58.74400000000001,974.412,4.5176,85.74
2018-12-10,20.308,60.489999999999995,946.016,4.4572,87.03
2018-12-17,22.316,58.970000000000006,942.8459999999999,3.9552,89.72999999999999
2018-12-24,24.45,53.512,913.8620000000001,3.6188000000000002,89.13
2018-12-31,24.765,51.115,905.1066666666666,3.31175,86.3625
2019-01-07,23.4425,55.0075,912.19,2.84825,83.1375
2019-01-14,22.302,58.976,933.0959999999999,2.9444,81.87
2019-01-21,23.648000000000003,60.50599999999999,942.5620000000001,3.20225,83.9
2019-01-28,23.976,60.848,952.832,2.9674,80.42999999999999
2019-02-04,22.616,61.89,971.818,2.793,78.53999999999999
2019-02-11,22.887999999999998,61.513999999999996,985.79,2.62,74.92999999999999
2019-02-18,20.259999999999998,64.38199999999999,998.5040000000001,2.64375,73.84
2019-02-25,19.436,66.104,1012.142,2.7288,73.37
2019-03-04,21.506,64.648,1020.6479999999999,2.8245999999999998,74.77
2019-03-11,22.625999999999998,64.85799999999999,1022.2700000000001,2.8492,73.15
2019-03-18,22.218,66.03200000000001,1036.41,2.8298,71.85
2019-03-25,20.951999999999998,67.488,1038.4180000000001,2.8129999999999997,69.05
2019-04-01,21.752000000000002,67.59,1038.664,2.7104,64.34
2019-04-08,23.644,69.94800000000001,1064.2459999999999,2.6752000000000002,59.48
2019-04-15,26.413999999999998,71.28399999999999,1068.148,2.68,64.49
2019-04-22,27.0,70.82499999999999,1082.1033333333335,2.56725,63.375
2019-04-29,26.822000000000003,73.034,1083.666,2.544,61.75
2019-05-06,25.39,71.732,1078.615,2.575,61.83
2019-05-13,26.02,71.332,1043.15,2.6100000000000003,61.870000000000005
2019-05-20,25.456,73.494,1051.49,2.6719999999999997,59.739999999999995
2019-05-27,25.704,69.84200000000001,1041.604,2.60075,57.379999999999995
2019-06-03,24.826,68.064,1028.2,2.5224,54.95
2019-06-10,24.43,63.376,1039.7459999999999,2.3624,54.029999999999994
2019-06-17,24.901999999999997,62.838,1051.644,2.3728000000000002,51.81
2019-06-24,25.304,64.55799999999999,1071.2720000000002,2.2386,52.989999999999995
2019-07-01,26.756,66.498,1068.508,2.2906,53.92
2019-07-08,26.456,63.798,1087.236,2.33775,57.55
2019-07-15,28.146000000000004,66.372,1079.174,2.4210000000000003,60.720000000000006
2019-07-22,28.484,62.648,1082.682,2.2696,61.23
2019-07-29,28.916000000000004,62.866,1095.324,2.194,61.7
2019-08-05,28.628000000000004,61.992,1065.096,2.1526,58.79
2019-08-12,27.984,56.89,1034.992,2.1092000000000004,57.79
2019-08-19,26.488,58.784000000000006,1031.4540000000002,2.1916,58.56
2019-08-26,25.76,59.34400000000001,1042.3,2.1896,56.25
2019-09-02,25.868000000000002,59.80800000000001,1055.0459999999998,2.2487500000000002,55.239999999999995
2019-09-09,25.272,61.315999999999995,1076.25,2.4638,58.529999999999994
2019-09-16,26.562,63.624,1087.004,2.6168,63.06
2019-09-23,25.974,64.804,1091.5059999999999,2.6088,62.510000000000005
2019-09-30,25.268,62.41799999999999,1090.408,2.444,59.58
2019-10-07,23.764,58.916,1066.06,2.3028,59.7
2019-10-14,23.406,59.263999999999996,1077.562,2.2468,62.42
2019-10-21,25.976,59.35,1095.508,2.4616,61.86
2019-10-28,25.188,61.036,1096.328,2.471,59.57000000000001
2019-11-04,25.595999999999997,60.652,1103.946,2.6995999999999998,58.14
2019-11-11,25.002000000000002,62.402,1124.402,2.7776,57.54
2019-11-18,23.942,62.612,1130.9299999999998,2.7009999999999996,56.92999999999999
2019-11-25,24.086000000000002,64.13199999999999,1126.156,2.6206,58.589999999999996
2019-12-02,24.81,64.446,1127.728,2.411,58.529999999999994
2019-12-09,24.7,65.362,1115.922,2.3666,55.23
2019-12-16,24.674,66.81800000000001,1130.054,2.2885999999999997,53.64
2019-12-23,26.43,68.792,1146.1,2.2718,53.44
2019-12-30,25.843333333333334,68.82333333333334,1152.4866666666667,2.201333333333333,53.93333333333334
2020-01-06,24.4625,68.5375,1152.96,2.144,53.95
2020-01-13,24.24,66.708,1156.066,2.159,54.32000000000001
2020-01-20,24.688,64.21000000000001,1162.3380000000002,2.06625,51.13
2020-01-27,24.648000000000003,60.98199999999999,1152.068,1.8881999999999999,50.54
2020-02-03,23.828,57.664,1133.4279999999999,1.8524,50.11
2020-02-10,23.375999999999998,54.472,1157.3319999999999,1.8438000000000003,50.489999999999995
2020-02-17,24.134,56.215999999999994,1174.516,1.836,51.29
2020-02-24,25.286,58.39,1162.108,1.9266,48.88
2020-03-02,23.796,53.254,1061.54,1.7759999999999998,47.730000000000004
2020-03-09,23.508,47.263999999999996,1007.7700000000001,1.777,47.94
2020-03-16,22.35,32.254000000000005,828.472,1.8905999999999998,47.89
2020-03-23,16.258,24.808,764.402,1.698,49.94
2020-03-30,16.904,23.05,853.3039999999999,1.6986,52.94
2020-04-06,18.16,19.394,838.7220000000001,1.6262,47.45
2020-04-13,20.83666666666667,22.516666666666666,878.2933333333334,1.7893333333333334,46.81666666666666
2020-04-20,20.562,19.468,875.2139999999999,1.839,46.1
2020-04-27,20.45,13.797999999999998,871.7180000000001,1.9579999999999997,42.480000000000004
2020-05-04,19.598,18.092,896.0675,1.9298000000000002,41.37
2020-05-11,19.148000000000003,24.278,888.5899999999999,1.9242000000000001,42.69
2020-05-18,19.044,29.736,875.7860000000001,1.8994,41.83
2020-05-25,21.016,33.922000000000004,896.4100000000001,1.9067500000000002,41.7
2020-06-01,21.242,34.31,932.6719999999999,1.8562,43.87
2020-06-08,22.394,38.95399999999999,991.216,1.7982,47.46
2020-06-15,22.302,39.474000000000004,966.876,1.752,45.6
2020-06-22,23.672,41.7,981.826,1.7284,45.67
2020-06-29,25.4,41.37,975.5559999999999,1.6301999999999999,48.82
2020-07-06,27.912,42.532,990.582,1.7465,51.7
2020-07-13,29.103999999999996,43.084,996.914,1.8161999999999998,51.33
2020-07-20,27.76,43.494,1007.6940000000001,1.766,50.85
2020-07-27,26.330000000000002,43.586,999.5,1.784,52.11
2020-08-03,25.926,43.298,972.7280000000001,1.9045999999999998,52.39
2020-08-10,26.584000000000003,44.442,974.7760000000001,2.1879999999999997,52.08
2020-08-17,25.839999999999996,44.682,993.876,2.2674,49.45
2020-08-24,26.336000000000002,44.696000000000005,980.5020000000001,2.5622,48.17
2020-08-31,28.736,45.465,992.832,2.6334,50.65
2020-09-07,27.806,42.582,985.674,2.5220000000000002,51.620000000000005
2020-09-14,28.21,39.03,985.628,2.6176000000000004,51.5
2020-09-21,28.496,41.129999999999995,983.842,2.665,52.08
2020-09-28,26.983999999999998,41.134,953.074,2.7784,55.79
2020-10-05,26.839999999999996,39.632,965.156,2.5336000000000003,57.86
2020-10-12,26.322000000000003,41.204,987.43,2.675,58.21
2020-10-19,25.16,41.478,989.3799999999999,2.9634,57.39
2020-10-26,24.298,40.552,976.1200000000001,3.2656,57.15
2020-11-02,23.630000000000003,37.65,937.4159999999999,3.3002000000000002,53.73
2020-11-09,25.490000000000002,39.266,1004.2040000000001,2.9868,51.7
2020-11-16,26.389999999999997,42.226,1072.892,3.0607999999999995,54.029999999999994
2020-11-23,26.834000000000003,43.465999999999994,1082.1119999999999,2.7990000000000004,54.39
2020-11-30,28.124000000000002,46.794,1095.09,2.8965,59.58
2020-12-07,29.427999999999997,48.186,1102.8899999999999,2.6296,62.410000000000004
2020-12-14,30.3,49.652,1099.2779999999998,2.535,65.4
2020-12-21,31.453999999999997,51.116,1096.226,2.6736,68.94
2020-12-28,32.042500000000004,50.6725,1099.1799999999998,2.54375,70.25
2021-01-04,32.785,50.692499999999995,1110.58,2.4965,69.425
2021-01-11,34.062,54.202,1121.6619999999998,2.6814,66.55
2021-01-18,32.946,55.254,1124.742,2.6805,69.28
2021-01-25,33.424,55.476,1123.164,2.5225999999999997,67.5
2021-02-01,33.22,55.374,1101.44,2.6832000000000003,67.46000000000001
2021-02-08,37.251999999999995,58.972,1127.3700000000001,2.8628,65.32000000000001
2021-02-15,39.128,61.81,1143.8799999999999,2.8815,66.74
2021-02-22,38.077999999999996,64.128,1153.4540000000002,3.0116,63.3
2021-03-01,38.04,65.824,1140.15,2.7954,64.55
2021-03-08,38.366,66.628,1144.6119999999999,2.7676,64.41
2021-03-15,41.792,68.31,1175.6299999999999,2.6572000000000005,64.71000000000001
2021-03-22,42.234,65.136,1180.854,2.5696000000000003,68.01
2021-03-29,41.322,62.540000000000006,1178.15,2.602,70.32000000000001
2021-04-05,42.28666666666666,63.550000000000004,1200.08,2.6233333333333335,70.08333333333333
2021-04-12,43.874,61.938,1213.8700000000001,2.517,69.0
2021-04-19,44.056,65.518,1226.596,2.6934,72.53
2021-04-26,46.336,65.136,1226.014,2.8204000000000002,73.77000000000001
2021-05-03,48.184000000000005,67.41,1233.304,2.942,76.64
2021-05-10,50.036,68.916,1237.7559999999999,2.9538,81.67
2021-05-17,55.02,68.934,1226.576,3.0448,86.42
2021-05-24,51.886,67.276,1232.834,3.0067999999999997,85.72999999999999
2021-05-31,52.232000000000006,69.13,1247.952,2.98625,91.66
2021-06-07,51.019999999999996,70.70599999999999,1262.184,3.0774,97.88
2021-06-14,52.924,71.73400000000001,1274.816,3.2108,108.03
2021-06-21,51.504,73.554,1281.7459999999999,3.2474000000000003,103.87
2021-06-28,54.644000000000005,75.464,1277.206,3.4357999999999995,109.75999999999999
2021-07-05,56.914,76.97200000000001,1271.64,3.66025,119.27000000000001
2021-07-12,52.932,75.82000000000001,1263.8619999999999,3.6620000000000004,122.15
2021-07-19,52.831999999999994,74.312,1260.516,3.6686,131.26
2021-07-26,51.592,73.29400000000001,1262.898,3.9792,129.31
2021-08-02,53.658,75.578,1281.77,3.9634,129.92
2021-08-09,55.73199999999999,71.40799999999999,1306.402,4.1049999999999995,134.32
2021-08-16,56.948,71.178,1323.208,3.9832,143.23
2021-08-23,55.467999999999996,67.878,1298.71,3.8774,138.99
2021-08-30,57.92,71.5025,1304.5880000000002,4.148999999999999,144.91
2021-09-06,61.164,72.9,1319.616,4.58625,158.42000000000002
2021-09-13,61.784000000000006,72.122,1313.192,4.9364,168.4
2021-09-20,59.784000000000006,74.252,1296.584,5.254,166.2
2021-09-27,61.664,76.372,1305.386,5.1342,181.60999999999999
2021-10-04,62.396,78.962,1275.696,5.7218,222.05
2021-10-11,60.338,82.474,1282.9720000000002,5.714799999999999,243.15
2021-10-18,59.488,83.944,1303.182,5.5236,219.84
2021-10-25,57.513999999999996,85.128,1323.6299999999999,5.532,175.77
2021-11-01,58.786,84.048,1341.724,5.718999999999999,150.78
2021-11-08,59.83200000000001,82.264,1364.81,5.611800000000001,136.24
2021-11-15,63.294000000000004,83.134,1373.8700000000001,5.0546,130.32999999999998
2021-11-22,68.616,81.436,1379.6100000000001,5.037,136.39000000000001
2021-11-29,72.70599999999999,78.712,1336.752,5.12,149.47
2021-12-06,78.308,71.008,1309.446,4.134,120.42999999999999
2021-12-13,83.968,74.936,1339.3200000000002,3.7596000000000003,133.99
2021-12-20,79.482,73.03999999999999,1314.1979999999999,3.6162,149.97
2021-12-27,76.672,74.75999999999999,1345.608,3.66325,143.95
2022-01-03,80.49,78.1825,1364.988,3.6216,119.7
2022-01-10,84.616,81.164,1368.748,3.7043999999999997,130.62
2022-01-17,80.64399999999999,86.32000000000001,1363.1,4.09525,142.0
2022-01-24,83.482,89.142,1334.8020000000001,3.8398000000000003,162.26
2022-01-31,88.55199999999999,91.046,1309.626,4.3452,174.94
2022-02-07,93.926,93.76,1322.7440000000001,4.7888,161.48
2022-02-14,92.224,97.31,1323.598,4.0622,175.07999999999998
2022-02-21,88.88199999999999,97.256,1304.684,4.404999999999999,164.52
2022-02-28,88.05999999999999,100.19000000000001,1266.942,4.5134,221.34
2022-03-07,65.32000000000001,119.622,1200.104,4.803,392.59000000000003
2022-03-14,74.242,118.55999999999999,1185.8319999999999,4.6522,389.15999999999997
2022-03-21,78.174,111.97200000000001,1243.882,4.8515999999999995,321.29
2022-03-28,78.66600000000001,122.04,1264.61,5.4192,314.03000000000003
2022-04-04,78.534,109.99000000000001,1282.44,5.6018,268.07
2022-04-11,78.482,101.284,1254.792,6.2682,291.29
2022-04-18,78.915,108.6425,1258.05,7.19925,321.6125
2022-04-25,85.116,104.43199999999999,1260.172,6.961,325.87
2022-05-02,82.402,105.73800000000001,1231.414,7.1848,287.5
2022-05-09,88.394,109.622,1209.396,8.0442,309.19
2022-05-16,88.10400000000001,109.07000000000001,1193.99,7.753,302.65
2022-05-23,83.256,112.982,1210.502,8.450800000000001,327.87
2022-05-30,82.774,119.23800000000001,1224.066,8.86275,292.8
2022-06-06,84.588,124.6,1238.748,8.6342,329.40999999999997
2022-06-13,80.776,128.088,1210.3600000000001,8.8828,322.77
2022-06-20,83.56,123.046,1140.502,7.24475,333.29
2022-06-27,83.386,117.12,1144.1060000000002,6.553,356.04
2022-07-04,86.93199999999999,120.75999999999999,1156.9299999999998,6.0555,339.3
2022-07-11,83.42999999999999,112.24600000000001,1155.576,5.9232,362.19
2022-07-18,84.482,110.28399999999999,1167.968,6.6858,350.3
2022-07-25,78.38199999999999,111.726,1208.944,7.926,328.31
2022-08-01,77.894,108.848,1236.9959999999999,8.405,365.01
2022-08-08,83.45599999999999,102.018,1257.6119999999999,7.9494,316.95
2022-08-15,87.522,103.602,1265.288,8.481,337.77
2022-08-22,94.498,96.088,1263.654,9.3342,384.28000000000003
2022-08-29,88.586,99.825,1241.716,9.2808,377.66999999999996
2022-09-05,78.356,95.088,1195.202,9.05425,367.82
2022-09-12,68.474,90.276,1198.148,8.037,339.05
2022-09-19,71.306,90.602,1190.15,8.2976,312.77
2022-09-26,69.114,87.34400000000001,1144.646,7.3596,293.24
2022-10-03,66.30199999999999,88.902,1115.722,6.765000000000001,309.81
2022-10-10,67.914,95.95,1146.708,6.7844,277.36
2022-10-17,67.48400000000001,93.40599999999999,1126.6200000000001,6.444799999999999,272.59000000000003
2022-10-24,68.59400000000001,91.142,1155.184,5.8456,268.90999999999997
2022-10-31,78.85799999999999,93.36,1190.26,6.0398000000000005,242.38000000000002
2022-11-07,76.71000000000001,97.176,1204.2459999999999,6.2602,218.5
2022-11-14,74.588,94.822,1239.77,6.3848,184.67000000000002
2022-11-21,73.908,91.056,1258.482,6.737,210.66
2022-11-28,77.14,85.408,1273.884,7.41,242.63000000000002
2022-12-05,85.228,85.002,1284.944,6.552200000000001,266.85
2022-12-12,88.488,77.48400000000001,1271.8380000000002,5.9972,259.52
2022-12-19,85.736,81.534,1259.322,5.6732,238.45999999999998
2022-12-26,86.6375,80.4325,1243.6399999999999,4.6217500000000005,229.1625
2023-01-02,83.33,82.15,1244.034,4.22425,186.1
2023-01-09,77.49600000000001,77.262,1282.8719999999998,3.5604,177.35999999999999
2023-01-16,77.026,81.636,1316.944,3.30275,167.35
2023-01-23,80.962,85.548,1325.4119999999998,3.1492,175.97
2023-01-30,84.242,85.376,1329.066,2.8692,144.5
2023-02-06,90.30999999999999,80.986,1338.57,2.495,138.67000000000002
2023-02-13,88.588,84.398,1343.6960000000001,2.4658,131.53
2023-02-20,92.81800000000001,83.534,1365.964,2.511,136.1
2023-02-27,95.388,81.464,1352.708,2.4372,145.48
2023-03-06,91.9,84.52799999999999,1356.134,2.7808,137.18
2023-03-13,94.71600000000001,81.62,1341.376,2.7042,129.65
2023-03-20,86.104,73.52799999999999,1300.274,2.5278,137.2
2023-03-27,86.642,75.12,1319.616,2.3302,136.76
2023-04-03,89.788,79.806,1346.3020000000001,2.1496000000000004,140.9
2023-04-10,94.3175,86.17750000000001,1359.8049999999998,2.1109999999999998,138.3125
2023-04-17,93.012,87.01599999999999,1373.5880000000002,2.1688,125.42999999999999
2023-04-24,90.066,84.34,1384.66,2.4436,130.92000000000002
2023-05-01,84.642,80.6875,1371.428,2.4010000000000002,136.34
2023-05-08,83.97999999999999,74.61749999999999,1360.1119999999999,2.3614,125.09
2023-05-15,86.24000000000001,75.95599999999999,1364.118,2.4176,111.19000000000001
2023-05-22,87.064,75.814,1373.462,2.6032,103.88
2023-05-29,81.99,76.66,1352.616,2.487,101.12
2023-06-05,78.714,74.42999999999999,1335.692,2.2336,93.44000000000001
2023-06-12,83.088,75.098,1346.1219999999998,2.2926,107.63
2023-06-19,90.362,75.24600000000001,1367.1979999999999,2.5382499999999997,115.52000000000001
2023-06-26,87.98400000000001,74.812,1344.742,2.7218,113.92
2023-07-03,87.178,73.68199999999999,1362.4060000000002,2.7136,116.09
2023-07-10,85.378,77.258,1347.514,2.61325,115.35
2023-07-17,85.25399999999999,79.78,1370.318,2.5713999999999997,95.71000000000001
2023-07-24,88.95,80.426,1381.9560000000001,2.6658,110.47999999999999
2023-07-31,88.824,84.086,1393.8319999999999,2.6614,116.97999999999999
2023-08-07,83.00800000000001,85.878,1371.01,2.5808,111.21
2023-08-14,84.618,88.016,1367.5819999999999,2.8128,120.41
2023-08-21,87.118,85.474,1340.154,2.6879999999999997,121.08
2023-08-28,86.09200000000001,84.5325,1343.3300000000002,2.6404,124.45
2023-09-04,84.34400000000001,88.136,1358.176,2.74775,120.12
2023-09-11,81.848,91.604,1342.708,2.7148,115.9
2023-09-18,81.208,94.664,1346.914,2.9836,123.42
2023-09-25,82.888,94.474,1337.116,2.9143999999999997,124.4
2023-10-02,82.078,95.054,1314.8780000000002,2.8916,126.76000000000002
2023-10-09,80.808,90.36,1299.1680000000001,3.1582,121.74000000000001
2023-10-16,84.694,90.4,1320.2060000000001,3.3636000000000004,134.38
2023-10-23,81.616,92.646,1292.7040000000002,3.3576,138.38
2023-10-30,79.644,89.61,1279.632,3.4019999999999997,130.38
2023-11-06,77.936,87.524,1306.316,3.464,122.97999999999999
2023-11-13,76.902,82.876,1317.724,3.3738,124.41
2023-11-20,77.708,81.76,1345.01,3.2196,122.79
2023-11-27,75.476,80.868,1351.33,2.99275,119.85
2023-12-04,71.53,80.648,1358.468,2.7902,113.89000000000001
2023-12-11,68.604,75.5,1380.382,2.5751999999999997,116.30999999999999
2023-12-18,68.078,76.20599999999999,1395.42,2.3582,107.99000000000001
2023-12-25,73.3725,80.47,1397.9425,2.4155,102.2375
2024-01-01,79.18,79.23333333333333,1396.69,2.48175,103.33749999999999
2024-01-08,75.58,76.598,1388.486,2.6552,107.33
2024-01-15,68.582,79.258,1384.182,2.604,104.58
2024-01-22,63.488,80.49600000000001,1379.808,2.3526,95.87
2024-01-29,63.488,82.77000000000001,1409.83,2.1675999999999997,91.03999999999999
2024-02-05,63.186,81.632,1420.708,2.0776,95.72
2024-02-12,60.489999999999995,82.422,1432.784,1.9015999999999997,95.51
2024-02-19,56.336,84.772,1438.4299999999998,1.67025,88.34
2024-02-26,53.57000000000001,84.71600000000001,1455.42,1.7568000000000001,91.42
2024-03-04,56.584,84.77,1465.136,1.8608,104.59
2024-03-11,58.705999999999996,85.00399999999999,1481.058,1.9532,109.46000000000001
2024-03-18,58.364,85.126,1493.702,1.8181999999999998,109.02000000000001
2024-03-25,61.407999999999994,85.82000000000001,1511.062,1.8306,111.38
2024-04-01,62.169999999999995,85.67333333333333,1524.8366666666668,1.7563333333333333,118.10000000000001
2024-04-08,59.74399999999999,90.618,1526.6860000000001,1.8212,116.04
2024-04-15,67.414,91.83,1521.098,1.7963999999999998,117.07000000000001
2024-04-22,70.054,88.886,1499.194,1.9466,116.9
2024-04-29,66.588,88.76,1515.468,2.0024,109.33
2024-05-06,70.812,85.0475,1505.3474999999999,2.059,108.91
2024-05-13,71.53,82.994,1541.614,2.4577999999999998,109.55
2024-05-20,70.938,81.356,1554.136,2.7134,110.94000000000001
2024-05-27,76.026,79.8225,1548.066,2.89675,116.91
2024-06-03,74.518,80.024,1533.808,2.6812,119.84
2024-06-10,71.688,77.214,1535.258,2.7976,113.62
2024-06-17,69.66999999999999,81.21000000000001,1502.614,2.9926000000000004,111.87
2024-06-24,68.70599999999999,85.904,1502.33,2.907,112.75
2024-07-01,67.408,86.67999999999999,1493.004,2.6744,108.58
2024-07-08,70.17,88.136,1513.512,2.4082500000000002,106.75
2024-07-15,68.34400000000001,86.65799999999999,1516.328,2.2992,104.71
2024-07-22,66.404,85.45,1494.942,2.1792000000000002,109.3
2024-07-29,67.502,82.01599999999999,1475.452,2.1082,113.03
2024-08-05,69.668,79.576,1449.792,2.0078,119.02000000000001
2024-08-12,70.876,79.954,1427.026,2.1162,122.99000000000001
2024-08-19,72.186,82.08000000000001,1460.916,2.2606,123.96
2024-08-26,71.67999999999999,79.19,1478.854,2.2296,120.94000000000001
2024-09-02,70.81,80.224,1494.42,2.1115,121.12
2024-09-09,66.876,74.15799999999999,1459.5520000000001,2.2094,114.57000000000001
2024-09-16,64.994,72.42,1459.4959999999999,2.4726,112.64000000000001
2024-09-23,63.67,75.18199999999999,1475.986,2.6692,112.85
2024-09-30,65.50399999999999,73.546,1491.1200000000001,2.8372,117.0
2024-10-07,62.556,77.758,1482.116,2.8704,119.45
2024-10-14,63.577999999999996,78.688,1490.268,2.809,120.35999999999999
2024-10-21,63.028,73.548,1482.432,2.8374,117.2
2024-10-28,65.428,74.406,1480.208,2.9538,119.60999999999999
2024-11-04,65.28399999999999,73.214,1458.718,2.771,120.4
2024-11-11,65.938,75.09200000000001,1452.0880000000002,2.9878,119.17
2024-11-18,67.926,73.322,1438.622,3.1342,123.77000000000001
2024-11-25,69.126,74.822,1435.5439999999999,3.3668,124.64000000000001
2024-12-02,68.512,73.872,1431.484,3.31175,119.67
2024-12-09,67.674,74.154,1459.8200000000002,3.0844,113.29
2024-12-16,67.768,74.146,1464.7540000000001,3.2266,109.9
2024-12-23,66.938,73.35799999999999,1445.98,3.2497999999999996,108.05
2024-12-30,71.00333333333333,73.83666666666666,1444.11,3.607666666666667,110.93333333333334
2025-01-06,74.6225,76.1775,1463.725,3.57975,111.6
2025-01-13,74.288,80.29666666666667,1480.3039999999999,3.7448,104.22
2025-01-20,78.41499999999999,,1497.12,4.06425,105.0875
